"country","period","periodstart","periodend","code","gdp_growth","gdp_pr_capita","economic_open","budget_balance","inflation","ethnic_frac","assasinations","aid","fast_growing_east_asia","sub_saharan_africa","central_america","policy","m2_gdp_lagged","institutional_quality"
"ARG",2,1970,1973,"ARG2",1.70029997825623,5637,0,-0.0211462993174791,0.34088608622551,0.310000002384186,2.75,0.0182389002293348,0,0,0,0.656556010246277,24.8247604370117,4.28125
"ARG",3,1974,1977,"ARG3",1.0776150226593,6168,0,-0.0691175013780594,0.989959478378296,0.310000002384186,9.75,0.0171555001288652,0,0,0,-0.57926481962204,28.7930393218994,4.28125
"ARG",4,1978,1981,"ARG4",-1.11528503894806,5849,0,-0.03395039960742,0.844831526279449,0.310000002384186,1,0.0239941999316216,0,0,0,-0.135645404458046,30.2345199584961,4.28125
"ARG",5,1982,1985,"ARG5",-2.55138492584229,5487,0,-0.0522027015686035,1.62283599376678,0.310000002384186,0,0.0299629997462034,0,0,0,-1.34829604625702,29.7397708892822,4.28125
"ARG",6,1986,1989,"ARG6",-1.09930598735809,5624,0,-0.0177263002842665,1.60718202590942,0.310000002384186,0.25,0.015727499499917,0,0,0,-1.09041905403137,20.3305492401123,4.28125
"ARG",7,1990,1993,"ARG7",4.25872993469238,4706,0.75,-0.00375910010188818,1.12661898136139,0.310000002384186,0,0.000755999993998557,0,0,0,1.29450404644012,21.7224006652832,4.28125
"BOL",2,1970,1973,"BOL2",1.29728996753693,1661,1,-0.0320682004094124,0.102781496942043,0.680000007152557,0.75,0.861913681030273,0,0,0,3.07128691673279,15.1625499725342,2.27083301544189
"BOL",3,1974,1977,"BOL3",2.96304893493652,1838,1,-0.0517788007855415,0.171517297625542,0.680000007152557,0,0.86658239364624,0,0,0,2.84027004241943,15.7812995910645,2.27083301544189
"BOL",4,1978,1981,"BOL4",-1.48528897762299,2015,0.5,-0.0633672028779984,0.236024603247643,0.680000007152557,0.25,1.1824049949646,0,0,0,1.59246003627777,15.854100227356,2.27083301544189
"BOL",5,1982,1985,"BOL5",-4.31500816345215,1864,0,-0.358082413673401,2.38207507133484,0.680000007152557,0,1.43947994709015,0,0,0,-4.50352191925049,19.0304698944092,2.27083301544189
"BOL",6,1986,1989,"BOL6",-0.647025525569916,1674,1,-0.00401279982179403,0.437778890132904,0.680000007152557,0,3.10754895210266,0,0,0,2.79497289657593,18.1973991394043,2.27083301544189
"BOL",7,1990,1993,"BOL7",1.94947397708893,1658,1,-0.0154793001711369,0.137008994817734,0.680000007152557,0.25,3.34197688102722,0,0,0,3.13698506355286,14.9057302474976,2.27083301544189
"BRA",2,1970,1973,"BRA2",8.58053207397461,2434,0,-0.00289919995702803,0.164498299360275,0.0700000002980232,0,0.0687521994113922,0,0,0,1.02806198596954,18.4395008087158,6.359375
"BRA",3,1974,1977,"BRA3",4.54061508178711,3458,0,-0.000659000012092292,0.302867710590363,0.0700000002980232,0,0.0290182996541262,0,0,0,0.849944412708282,19.1165199279785,6.359375
"BRA",4,1978,1981,"BRA4",1.21548998355865,3886,0,-0.0180590003728867,0.518563985824585,0.0700000002980232,0,0.0158463008701801,0,0,0,0.429279893636703,15.968469619751,6.359375
"BRA",5,1982,1985,"BRA5",0.346333891153336,3968,0,-0.0566755011677742,0.959788024425507,0.0700000002980232,0,0.0134886996820569,0,0,0,-0.451917290687561,13.2591400146484,6.359375
"BRA",6,1986,1989,"BRA6",1.67659199237823,4294,0,-0.141637802124023,1.69418895244598,0.0700000002980232,0.25,0.0085394000634551,0,0,0,-2.06023693084717,11.5992097854614,6.359375
"BRA",7,1990,1993,"BRA7",-2.04862904548645,4042,0.75,-0.0334565006196499,2.65509700775146,0.0700000002980232,1.5,0.0227111000567675,0,0,0,-1.04571294784546,33.7286109924316,6.359375
"BWA",2,1970,1973,"BWA2",13.8992099761963,823,0,-0.146614104509354,NA,0.509999990463257,0,10.3594999313354,0,1,0,NA,NA,7
"BWA",3,1974,1977,"BWA3",6.10659694671631,1362,0,-0.0266542006283998,0.115916900336742,0.509999990463257,0,6.02514600753784,0,1,0,0.933379411697388,NA,7
"BWA",4,1978,1981,"BWA4",8.78762245178223,1620,0.75,-0.000411999993957579,0.119362898170948,0.509999990463257,0,6.36137676239014,0,1,0,2.72564101219177,29.818359375,7
"BWA",5,1982,1985,"BWA5",6.41094207763672,1980,1,0.107223697006702,0.0913411006331444,0.509999990463257,0,4.56144094467163,0,1,0,4.04073476791382,30.254919052124,7
"BWA",6,1986,1989,"BWA6",7.24900102615356,2662,1,0.178574100136757,0.0946433991193771,0.509999990463257,0,4.44117021560669,0,1,0,4.52451181411743,27.9316101074219,7
"BWA",7,1990,1993,"BWA7",1.91459798812866,NA,1,0.117682203650475,0.12573529779911,0.509999990463257,0,3.36735796928406,0,1,0,4.06423807144165,31.5784206390381,7
"CHL",2,1970,1973,"CHL2",-0.467211008071899,3605,0,-0.0751589983701706,0.637968599796295,0.140000000596046,1,0.247530996799469,0,0,0,-0.128506794571877,14.2036695480347,6.32552099227905
"CHL",3,1974,1977,"CHL3",-1.16074597835541,3561,0.5,-0.0124784000217915,1.28661000728607,0.140000000596046,0.75,0.244445502758026,0,0,0,0.471989095211029,24.6872291564941,6.32552099227905
"CHL",4,1978,1981,"CHL4",5.48522186279297,3419,1,0.0317961014807224,0.276508510112762,0.140000000596046,0.75,0.127625003457069,0,0,0,3.26555395126343,16.9787292480469,6.32552099227905
"CHL",5,1982,1985,"CHL5",-1.69435703754425,3460,1,-0.0221590008586645,0.196183204650879,0.140000000596046,0.5,0.115679897367954,0,0,0,3.00853300094604,24.4495105743408,6.32552099227905
"CHL",6,1986,1989,"CHL6",5.36307716369629,3572,1,0.00278360000811517,0.163382604718208,0.140000000596046,0.5,0.0408912003040314,0,0,0,3.22512292861938,38.7390213012695,6.32552099227905
"CHL",7,1990,1993,"CHL7",5.00032377243042,4338,1,0.0161966998130083,0.172937095165253,0.140000000596046,2.25,0.158843398094177,0,0,0,3.30357694625854,39.1798210144043,6.32552099227905
"CIV",2,1970,1973,"CIV2",3.74962091445923,1615,0,NA,0.0456999987363815,0.860000014305115,0,1.36420404911041,0,1,0,NA,22.3478298187256,6.69940519332886
"CIV",3,1974,1977,"CIV3",4.36002492904663,1721,0,NA,0.156192302703857,0.860000014305115,0,0.975072622299194,0,1,0,NA,26.1568202972412,6.69940519332886
"CIV",4,1978,1981,"CIV4",-2.59032893180847,2237,0,-0.0974998027086258,0.12430589646101,0.860000014305115,0,0.845304727554321,0,1,0,0.436713010072708,30.9263801574707,6.69940519332886
"CIV",5,1982,1985,"CIV5",-4.2013840675354,1697,0,NA,0.0470964983105659,0.860000014305115,0,0.652548372745514,0,1,0,NA,29.1776504516602,6.69940519332886
"CIV",6,1986,1989,"CIV6",-4.06097221374512,1558,0,NA,0.0592500008642673,0.860000014305115,0,1.22244596481323,0,1,0,NA,27.6777400970459,6.69940519332886
"CIV",7,1990,1993,"CIV7",-4.59786891937256,1213,0,NA,0.0178657993674278,0.860000014305115,0,2.51758909225464,0,1,0,NA,30.2217807769775,6.69940519332886
"CMR",2,1970,1973,"CMR2",1.01583003997803,804,0,NA,0.0682279020547867,0.889999985694885,0,2.62649703025818,0,1,0,NA,15.8227100372314,5.65625
"CMR",3,1974,1977,"CMR3",4.22409009933472,902,0,-0.0159025993198156,0.12947690486908,0.889999985694885,0,2.51061105728149,0,1,0,0.98801600933075,16.4241104125977,5.65625
"CMR",4,1978,1981,"CMR4",11.107439994812,972,0,0.00103249994572252,0.09357850253582,0.889999985694885,0,2.03523302078247,0,1,0,1.15412604808807,20.4231700897217,5.65625
"CMR",5,1982,1985,"CMR5",1.37068498134613,1281,0,-0.0059047001414001,0.116927996277809,0.889999985694885,0,1.20252895355225,0,1,0,1.07399594783783,22.8528995513916,5.65625
"CMR",6,1986,1989,"CMR6",-4.19925689697266,1499,0,-0.0317941009998322,0.0495444014668465,0.889999985694885,0,1.42450499534607,0,1,0,0.990991115570068,22.8933200836182,5.65625
"CMR",7,1990,1993,"CMR7",-8.2937479019165,1226,0.25,-0.0393757000565529,-0.00530449999496341,0.889999985694885,0,2.20519995689392,0,1,0,1.55492901802063,19.7936096191406,5.65625
"COL",2,1970,1973,"COL2",4.28310680389404,2140,0,-0.018130699172616,0.116913601756096,0.0599999986588955,0,0.328338414430618,0,0,0,0.990329623222351,18.8444309234619,5.296875
"COL",3,1974,1977,"COL3",1.92041802406311,2511,0,0.000368500011973083,0.223407804965973,0.0599999986588955,0.75,0.134531304240227,0,0,0,0.968069076538086,19.739990234375,5.296875
"COL",4,1978,1981,"COL4",2.66715502738953,2797,0,-0.0122381998226047,0.215662702918053,0.0599999986588955,1.25,0.0837201029062271,0,0,0,0.89260458946228,19.634880065918,5.296875
"COL",5,1982,1985,"COL5",0.0419509001076221,2943,0,-0.0398621000349522,0.191228494048119,0.0599999986588955,0.5,0.0775604993104935,0,0,0,0.737679719924927,20.1506004333496,5.296875
"COL",6,1986,1989,"COL6",2.36197805404663,3046,1,-0.0119556998834014,0.214976400136948,0.0599999986588955,3.25,0.038840901106596,0,0,0,3.05209994316101,20.8976402282715,5.296875
"COL",7,1990,1993,"COL7",1.48538899421692,3300,1,0.0100431004539132,0.24105229973793,0.0599999986588955,5,0.0698741972446442,0,0,0,3.16622495651245,19.8329696655273,5.296875
"CRI",2,1970,1973,"CRI2",4.5980110168457,2904,0,-0.0326948016881943,0.0656106993556023,0.0700000002980232,0,0.515560388565063,0,0,1,0.962363600730896,21.0314807891846,5.47135400772095
"CRI",3,1974,1977,"CRI3",2.49448800086975,3329,0,-0.023471899330616,0.124561697244644,0.0700000002980232,0,0.323854088783264,0,0,1,0.943076610565186,24.3203201293945,5.47135400772095
"CRI",4,1978,1981,"CRI4",-0.636949717998505,3765,0,-0.0550660006701946,0.157019600272179,0.0700000002980232,0,0.45446041226387,0,0,1,0.681435585021973,30.0088806152344,5.47135400772095
"CRI",5,1982,1985,"CRI5",-1.93509995937347,3077,0,-0.0121713997796178,0.294480800628662,0.0700000002980232,0,2.03596496582031,0,0,1,0.782867312431335,44.4457702636719,5.47135400772095
"CRI",6,1986,1989,"CRI6",1.9597350358963,3273,1,-0.0237814001739025,0.152388200163841,0.0700000002980232,0,1.78990197181702,0,0,1,3.05865597724915,41.0504112243652,5.47135400772095
"CRI",7,1990,1993,"CRI7",2.60189008712769,3499,1,-0.00932160019874573,0.179287195205688,0.0700000002980232,0,0.998406529426575,0,0,1,3.1200270652771,39.7585296630859,5.47135400772095
"DOM",2,1970,1973,"DOM2",9.53581237792969,1536,0,-0.00722629996016622,0.073990099132061,0.0399999991059303,0.25,0.608813226222992,0,0,0,1.12498104572296,15.8343200683594,4.515625
"DOM",3,1974,1977,"DOM3",2.85812592506409,2079,0,0.000698200019542128,0.113647699356079,0.0399999991059303,0,0.321037113666534,0,0,0,1.12377905845642,20.3134498596191,4.515625
"DOM",4,1978,1981,"DOM4",1.74966597557068,2092,0,-0.0267623998224735,0.0873854979872704,0.0399999991059303,0,0.58282059431076,0,0,0,0.972528278827667,23.2013607025146,4.515625
"DOM",5,1982,1985,"DOM5",-1.29207694530487,2256,0,-0.0188871994614601,0.169475495815277,0.0399999991059303,0,1.03745400905609,0,0,0,0.911665618419647,19.7194805145264,4.515625
"DOM",6,1986,1989,"DOM6",3.5392119884491,2160,0,0.00130280002485961,0.245636805891991,0.0399999991059303,0,0.610945522785187,0,0,0,0.943386495113373,17.5772094726562,4.515625
"DOM",7,1990,1993,"DOM7",-0.413998007774353,2166,0,0.00789610017091036,0.248381495475769,0.0399999991059303,0,0.44054439663887,0,0,0,0.984680414199829,23.4162902832031,4.515625
"DZA",2,1970,1973,"DZA2",2.38626503944397,1826,0,-0.0683365017175674,0.0464125983417034,0.430000007152557,0,1.03228604793549,0,0,0,0.745236814022064,49.102668762207,4.36458301544189
"DZA",3,1974,1977,"DZA3",3.2366840839386,2256,0,0.0366048999130726,0.0820932984352112,0.430000007152557,0,0.500887095928192,0,0,0,1.41367602348328,61.4624710083008,4.36458301544189
"DZA",4,1978,1981,"DZA4",1.81937694549561,2591,0,NA,0.124159999191761,0.430000007152557,0,0.299742311239243,0,0,0,NA,54.900951385498,4.36458301544189
"DZA",5,1982,1985,"DZA5",2.61913704872131,2823,0,NA,0.0747431963682175,0.430000007152557,0,0.146672502160072,0,0,0,NA,60.2667694091797,4.36458301544189
"DZA",6,1986,1989,"DZA6",-1.84669196605682,2970,0,NA,0.083703801035881,0.430000007152557,0,0.179637998342514,0,0,0,NA,71.9968032836914,4.36458301544189
"DZA",7,1990,1993,"DZA7",-3.07647109031677,2777,0,NA,0.211474701762199,0.430000007152557,1.25,0.230066999793053,0,0,0,NA,82.3064422607422,4.36458301544189
"ECU",2,1970,1973,"ECU2",10.3143301010132,1789,1,-0.0261141005903482,0.0821816027164459,0.529999971389771,0,0.364041388034821,0,0,0,3.1408429145813,18.9715309143066,5.41666698455811
"ECU",3,1974,1977,"ECU3",3.67333507537842,2498,1,-0.0137123996391892,0.144068598747253,0.529999971389771,0,0.266855001449585,0,0,0,3.13920998573303,22.6913604736328,5.41666698455811
"ECU",4,1978,1981,"ECU4",2.32640600204468,3077,1,-0.0202070996165276,0.120583198964596,0.529999971389771,0,0.186130806803703,0,0,0,3.12758898735046,22.6433792114258,5.41666698455811
"ECU",5,1982,1985,"ECU5",-0.880430221557617,3193,0.25,-0.0145201003178954,0.266029685735703,0.529999971389771,0,0.296856611967087,0,0,0,1.34571802616119,22.7573394775391,5.41666698455811
"ECU",6,1986,1989,"ECU6",-0.72273588180542,2885,0,-0.00686040008440614,0.371977597475052,0.529999971389771,0,0.371512889862061,0,0,0,0.710874497890472,22.4501895904541,5.41666698455811
"ECU",7,1990,1993,"ECU7",1.05712401866913,2755,0.75,0.0192310009151697,0.399850308895111,0.529999971389771,0,0.454348891973495,0,0,0,2.46795296669006,20.3195991516113,5.41666698455811
"EGY",2,1970,1973,"EGY2",2.36660289764404,1163,0,NA,0.0346308015286922,0.0399999991059303,0,1.66445994377136,0,0,0,NA,36.8172492980957,4.34895801544189
"EGY",3,1974,1977,"EGY3",7.86319303512573,1175,0,-0.181568905711174,0.101467102766037,0.0399999991059303,0.25,4.06619501113892,0,0,0,-0.106809802353382,36.9916496276855,4.34895801544189
"EGY",4,1978,1981,"EGY4",5.01288080215454,1465,0,-0.115025997161865,0.121367998421192,0.0399999991059303,0,1.83434903621674,0,0,0,0.320853501558304,49.0346908569336,4.34895801544189
"EGY",5,1982,1985,"EGY5",5.51041316986084,1732,0,-0.121730998158455,0.139731302857399,0.0399999991059303,0,1.72365605831146,0,0,0,0.249284103512764,63.557258605957,4.34895801544189
"EGY",6,1986,1989,"EGY6",1.08248996734619,1927,0,-0.0821191966533661,0.187305703759193,0.0399999991059303,0,1.38688099384308,0,0,0,0.453914314508438,83.637077331543,4.34895801544189
"EGY",7,1990,1993,"EGY7",-0.646412193775177,1912,0,-0.0252222996205091,0.144279301166534,0.0399999991059303,1.25,2.9465799331665,0,0,0,0.903528094291687,86.5801467895508,4.34895801544189
"ETH",2,1970,1973,"ETH2",NA,296,0,NA,0.0311018992215395,0.689999997615814,0,1.06287801265717,0,1,0,NA,13.8441295623779,4.41666698455811
"ETH",3,1974,1977,"ETH3",NA,300,0,NA,0.137749195098877,0.689999997615814,2.25,1.61195504665375,0,1,0,NA,15.9286499023438,4.41666698455811
"ETH",4,1978,1981,"ETH4",NA,315,0,-0.0311715994030237,0.0964566990733147,0.689999997615814,0.75,1.84692800045013,0,1,0,0.92966502904892,22.6310195922852,4.41666698455811
"ETH",5,1982,1985,"ETH5",-12.2038602828979,322,0,-0.0664865970611572,0.0764421001076698,0.689999997615814,0,3.16789698600769,0,1,0,0.715915620326996,26.4534091949463,4.41666698455811
"ETH",6,1986,1989,"ETH6",2.73131704330444,312,0,-0.0524859987199306,0.00396399991586804,0.689999997615814,0,4.32281494140625,0,1,0,0.913080096244812,26.8090896606445,4.41666698455811
"ETH",7,1990,1993,"ETH7",-0.803187072277069,NA,0,-0.0849320963025093,0.122649297118187,0.689999997615814,0,5.31837892532349,0,1,0,0.525055110454559,32.6055183410645,4.41666698455811
"GAB",2,1970,1973,"GAB2",6.02827405929565,3704,0,-0.109435096383095,0.0424549989402294,0.689999997615814,0,3.39340209960938,0,1,0,0.469449698925018,15.269700050354,5.37552118301392
"GAB",3,1974,1977,"GAB3",12.2700395584106,5030,0,-0.113801099359989,0.169464007019997,0.689999997615814,0,1.34254205226898,0,1,0,0.261995702981949,16.3368301391602,5.37552118301392
"GAB",4,1978,1981,"GAB4",-9.5358829498291,5408,0,0.0211070999503136,0.0946497991681099,0.689999997615814,0,1.22037303447723,0,1,0,1.29003894329071,16.3132190704346,5.37552118301392
"GAB",5,1982,1985,"GAB5",-0.04052459821105,4226,0,0.00489259976893663,0.0959013998508453,0.689999997615814,0,1.84349405765533,0,1,0,1.17730104923248,18.4828491210938,5.37552118301392
"GAB",6,1986,1989,"GAB6",-1.9001590013504,4030,0,-0.0476933009922504,0.00620759977027774,0.689999997615814,0,1.78068196773529,0,1,0,0.942749202251434,18.3131904602051,5.37552118301392
"GAB",7,1990,1993,"GAB7",0.742064118385315,3958,0,0.00889869965612888,-0.00422520004212856,0.689999997615814,0,1.87100005149841,0,1,0,1.34470796585083,21.0634593963623,5.37552118301392
"GHA",2,1970,1973,"GHA2",1.12834203243256,1059,0,-0.0419979989528656,0.0949717015028,0.709999978542328,0,1.06750404834747,0,1,0,0.857634484767914,20.5291805267334,3.69531297683716
"GHA",3,1974,1977,"GHA3",-4.45485496520996,1091,0,-0.081378698348999,0.411266803741455,0.709999978542328,0,0.982876718044281,0,1,0,0.145867094397545,21.0657596588135,3.69531297683716
"GHA",4,1978,1981,"GHA4",-0.895440280437469,1027,0,-0.0652898997068405,0.540416181087494,0.709999978542328,0,1.3009330034256,0,1,0,0.0754337012767792,26.0502490997314,3.69531297683716
"GHA",5,1982,1985,"GHA5",-3.05250000953674,795,0.25,-0.0307192001491785,0.35871759057045,0.709999978542328,0,1.5616250038147,0,1,0,1.10525000095367,20.1635608673096,3.69531297683716
"GHA",6,1986,1989,"GHA6",1.79082703590393,807,1,0.0042535001412034,0.263127207756042,0.709999978542328,0,3.66042304039001,0,1,0,3.09573292732239,13.4754199981689,3.69531297683716
"GHA",7,1990,1993,"GHA7",1.03613996505737,902,1,-0.013965199701488,0.200281098484993,0.709999978542328,0,2.94980788230896,0,1,0,3.05889010429382,14.8458003997803,3.69531297683716
"GMB",2,1970,1973,"GMB2",-0.189743101596832,722,0,-0.0139498002827168,0.040089201182127,0.730000019073486,0,2.14643692970276,0,1,0,1.12635397911072,21.7936496734619,5.625
"GMB",3,1974,1977,"GMB3",3.86112999916077,881,0,-0.0356722995638847,0.148224398493767,0.730000019073486,0,3.22448301315308,0,1,0,0.826482176780701,26.853120803833,5.625
"GMB",4,1978,1981,"GMB4",-0.70281982421875,1179,0,-0.0859512016177177,0.0670244991779327,0.730000019073486,0,7.09853506088257,0,1,0,0.595847010612488,22.6878395080566,5.625
"GMB",5,1982,1985,"GMB5",0.490754097700119,872,0,-0.0641409009695053,0.143004193902016,0.730000019073486,0,7.8964672088623,0,1,0,0.638912498950958,22.6333599090576,5.625
"GTM",2,1970,1973,"GTM2",3.39248609542847,2028,0,-0.0144600002095103,0.0382864996790886,0.639999985694885,3.25,0.298746287822723,0,0,1,1.12538301944733,17.5464305877686,2.84114599227905
"GTM",3,1974,1977,"GTM3",2.92388296127319,2260,0,-0.0114654004573822,0.123599998652935,0.639999985694885,0.25,0.325865209102631,0,0,1,1.02660501003265,20.6554794311523,2.84114599227905
"GTM",4,1978,1981,"GTM4",0.674656987190247,2576,0,-0.0351046994328499,0.0995251014828682,0.639999985694885,11.5,0.334625691175461,0,0,1,0.898453116416931,22.5499897003174,2.84114599227905
"GTM",5,1982,1985,"GTM5",-4.39112091064453,2349,0,-0.031062500551343,0.0630685985088348,0.639999985694885,1.75,0.394842088222504,0,0,1,0.977091312408447,22.337329864502,2.84114599227905
"GTM",6,1986,1989,"GTM6",-0.0557810999453068,2037,0.5,-0.0174518991261721,0.160302802920341,0.639999985694885,0,0.890890181064606,0,0,1,2.01261496543884,25.7090396881104,2.84114599227905
"GTM",7,1990,1993,"GTM7",0.910740911960602,2127,1,-0.00396829983219504,0.209758505225182,0.639999985694885,4.75,0.721208810806274,0,0,1,3.11406803131104,24.2006492614746,2.84114599227905
"GUY",2,1970,1973,"GUY2",0.796329498291016,1816,0,-0.0829138979315758,0.0410437993705273,0.579999983310699,0,1.33410501480103,0,0,0,0.65296071767807,29.2486896514893,2.84114599227905
"GUY",3,1974,1977,"GUY3",2.9822781085968,1935,0,-0.120679497718811,0.100554302334785,0.579999983310699,0,1.0465270280838,0,0,0,0.311254501342773,35.0896911621094,2.84114599227905
"GUY",4,1978,1981,"GUY4",-0.942971885204315,1873,0,-0.234374895691872,0.159162893891335,0.579999983310699,1,2.93411111831665,0,0,0,-0.548930525779724,40.2244186401367,2.84114599227905
"GUY",5,1982,1985,"GUY5",-6.64841794967651,1529,0,-0.475051194429398,0.17375460267067,0.579999983310699,0.25,2.75413703918457,0,0,0,-2.21676111221313,52.8898391723633,2.84114599227905
"GUY",6,1986,1989,"GUY6",-2.39326190948486,1401,0.5,-0.349484592676163,0.175935000181198,0.579999983310699,0,2.44389891624451,0,0,0,-0.282004714012146,92.9714813232422,2.84114599227905
"HND",2,1970,1973,"HND2",2.22151303291321,1237,0,-0.0236974991858006,0.0341259986162186,0.159999996423721,0,0.721485495567322,0,0,1,1.06796896457672,16.3652191162109,3.39322900772095
"HND",3,1974,1977,"HND3",2.23382711410522,1266,0,-0.00870580039918423,0.0824953988194466,0.159999996423721,0,1.05738699436188,0,0,1,1.10296297073364,21.4487991333008,3.39322900772095
"HND",4,1978,1981,"HND4",1.02989196777344,1533,0,-0.019557099789381,0.10658910125494,0.159999996423721,0,1.4330849647522,0,0,1,0.995000302791595,23.2961101531982,3.39322900772095
"HND",5,1982,1985,"HND5",-1.69096899032593,1439,0,-0.0888765975832939,0.0611429996788502,0.159999996423721,0.25,3.30213093757629,0,0,1,0.58404529094696,23.1682605743408,3.39322900772095
"HND",6,1986,1989,"HND6",0.736148118972778,1381,0,-0.0407649017870426,0.051264300942421,0.159999996423721,0.25,3.22347497940063,0,0,1,0.927181720733643,26.9255409240723,3.39322900772095
"HND",7,1990,1993,"HND7",0.685772001743317,1377,0.75,-0.00625659991055727,0.172040596604347,0.159999996423721,3.25,3.39500093460083,0,0,1,2.61198711395264,29.8431301116943,3.39322900772095
"HTI",2,1970,1973,"HTI2",0.873624622821808,834,0,-0.00122620002366602,0.0853404998779297,0.00999999977648258,0,0.479088991880417,0,0,0,1.1501829624176,10.1975498199463,2.57864594459534
"HTI",3,1974,1977,"HTI3",1.42525398731232,883,0,-0.0145747996866703,0.106328196823597,0.00999999977648258,0.25,1.43075895309448,0,0,0,1.02946901321411,14.2490396499634,2.57864594459534
"HTI",4,1978,1981,"HTI4",2.34396004676819,943,0,-0.0423137992620468,0.0906665027141571,0.00999999977648258,0,1.63637399673462,0,0,0,0.861491680145264,22.5364208221436,2.57864594459534
"HTI",5,1982,1985,"HTI5",-2.38589692115784,933,0,-0.0424937009811401,0.0829448997974396,0.00999999977648258,0,2.28259301185608,0,0,0,0.871056020259857,28.783130645752,2.57864594459534
"HTI",6,1986,1989,"HTI6",-1.77291202545166,902,0,-0.0175746995955706,0.00446440000087023,0.00999999977648258,0.25,3.02556991577148,0,0,0,1.15134799480438,30.7902793884277,2.57864594459534
"HTI",7,1990,1993,"HTI7",-7.49098300933838,NA,0,-0.0387412011623383,0.179167196154594,0.00999999977648258,1.75,2.28842091560364,0,0,0,0.762214779853821,35.9847297668457,2.57864594459534
"IDN",2,1970,1973,"IDN2",4.57369899749756,715,1,-0.0248667001724243,0.123128399252892,0.759999990463257,0,0.794388771057129,1,0,0,3.09213399887085,7.23530721664429,3.66666698455811
"IDN",3,1974,1977,"IDN3",4.92175388336182,892,1,-0.0279933996498585,0.200251802802086,0.759999990463257,0,0.466785609722137,1,0,0,2.96290802955627,12.7988901138306,3.66666698455811
"IDN",4,1978,1981,"IDN4",5.82630014419556,1124,1,-0.0240623001009226,0.127450793981552,0.759999990463257,0,0.293079406023026,1,0,0,3.09159803390503,15.6983003616333,3.66666698455811
"IDN",5,1982,1985,"IDN5",3.22710609436035,1487,1,-0.00979719962924719,0.0869162976741791,0.759999990463257,0,0.248269498348236,1,0,0,3.24591302871704,16.6706695556641,3.66666698455811
"IDN",6,1986,1989,"IDN6",4.76686000823975,1687,1,-0.0229263007640839,0.0712255015969276,0.759999990463257,0,0.260577201843262,1,0,0,3.17798209190369,20.1183795928955,3.66666698455811
"IDN",7,1990,1993,"IDN7",6.10294008255005,1974,1,0.00248780008405447,0.0825539007782936,0.759999990463257,0,0.289851814508438,1,0,0,3.3361029624939,29.6674308776855,3.66666698455811
"IND",2,1970,1973,"IND2",0.0997273996472359,802,0,-0.034010998904705,0.0747604966163635,0.889999985694885,0.5,0.345975786447525,0,0,0,0.940562427043915,21.6353702545166,5.76041698455811
"IND",3,1974,1977,"IND3",2.51274394989014,765,0,-0.0389299988746643,0.0769672989845276,0.889999985694885,0.5,0.369229406118393,0,0,0,0.903806090354919,25.2624607086182,5.76041698455811
"IND",4,1978,1981,"IND4",1.16421294212341,882,0,-0.0559045001864433,0.0790999010205269,0.889999985694885,0.25,0.287518411874771,0,0,0,0.784634590148926,28.3090591430664,5.76041698455811
"IND",5,1982,1985,"IND5",2.9019238948822,936,0,-0.0713305026292801,0.0805189982056618,0.889999985694885,2.75,0.23140549659729,0,0,0,0.67705899477005,37.1087799072266,5.76041698455811
"IND",6,1986,1989,"IND6",4.26671981811523,1092,0,-0.0841780006885529,0.0793766006827354,0.889999985694885,1,0.171018004417419,0,0,0,0.590715527534485,40.7355499267578,5.76041698455811
"IND",7,1990,1993,"IND7",1.45920896530151,1264,0,-0.0675773024559021,0.0972277000546455,0.889999985694885,1.25,0.150634303689003,0,0,0,0.679390013217926,45.9803695678711,5.76041698455811
"JAM",2,1970,1973,"JAM2",4.59082508087158,2645,1,NA,0.101264201104641,0.0500000007450581,0,0.503522515296936,0,0,0,NA,30.5799808502197,4.69687509536743
"JAM",3,1974,1977,"JAM3",-4.37696504592896,2922,0,-0.137269094586372,0.149997398257256,0.0500000007450581,0.75,0.379919797182083,0,0,0,0.128572896122932,34.8467788696289,4.69687509536743
"JAM",4,1978,1981,"JAM4",-2.23986005783081,2601,0,-0.138753592967987,0.228992193937302,0.0500000007450581,0.25,1.52961599826813,0,0,0,0.00797040015459061,33.0276985168457,4.69687509536743
"JAM",5,1982,1985,"JAM5",-2.15748500823975,2389,0,-0.123837903141975,0.161729604005814,0.0500000007450581,0,2.33789706230164,0,0,0,0.204107195138931,35.8330192565918,4.69687509536743
"JAM",6,1986,1989,"JAM6",3.9625129699707,2218,0.25,NA,0.104606300592422,0.0500000007450581,0,2.31361508369446,0,0,0,NA,47.3242301940918,4.69687509536743
"JAM",7,1990,1993,"JAM7",3.05657196044922,2545,1,NA,0.345795691013336,0.0500000007450581,0,1.85265600681305,0,0,0,NA,47.5132484436035,4.69687509536743
"KEN",2,1970,1973,"KEN2",5.98915004730225,586,0,-0.0444760993123055,0.0510462000966072,0.829999983310699,0,1.90040004253387,0,1,0,0.902083277702332,24.3211307525635,5.5625
"KEN",3,1974,1977,"KEN3",0.338277995586395,847,0,-0.0425550006330013,0.146366894245148,0.829999983310699,0.25,1.62395596504211,0,1,0,0.781966984272003,30.3791599273682,5.5625
"KEN",4,1978,1981,"KEN4",1.97285401821136,898,0,-0.0533999018371105,0.118188299238682,0.829999983310699,0,2.21835207939148,0,1,0,0.747129917144775,29.9851894378662,5.5625
"KEN",5,1982,1985,"KEN5",-1.44729101657867,860,0,-0.058958999812603,0.128991305828094,0.829999983310699,0,2.37663102149963,0,1,0,0.693974018096924,32.6271705627441,5.5625
"KEN",6,1986,1989,"KEN6",2.62312698364258,857,0,-0.0534498989582062,0.0870551019906998,0.829999983310699,0,2.92749404907227,0,1,0,0.790314316749573,28.3945503234863,5.5625
"KEN",7,1990,1993,"KEN7",-1.4731969833374,911,0.25,-0.0260167997330427,0.240398406982422,0.829999983310699,0.25,2.98011708259583,0,1,0,1.30285799503326,29.2933807373047,5.5625
"KOR",2,1970,1973,"KOR2",7.80287218093872,1680,1,-0.0133779002353549,0.104304097592831,0,0,0.73100221157074,1,0,0,3.19709300994873,23.8563804626465,6.36093807220459
"KOR",3,1974,1977,"KOR3",8.03275585174561,2236,1,-0.0181242991238832,0.170603394508362,0,0.25,0.204534903168678,1,0,0,3.07191300392151,34.1147918701172,6.36093807220459
"KOR",4,1978,1981,"KOR4",4.52252578735352,3083,1,-0.0211376007646322,0.187141492962837,0,0.25,0.114563003182411,1,0,0,3.028165102005,31.4527492523193,6.36093807220459
"KOR",5,1982,1985,"KOR5",6.65188789367676,3395,1,-0.0158130005002022,0.0375423990190029,0,0,0.0728840008378029,1,0,0,3.27376294136047,32.5203399658203,6.36093807220459
"KOR",6,1986,1989,"KOR6",8.78962326049805,4622,1,0.00509129976853728,0.0454067997634411,0,0,0.0306531991809607,1,0,0,3.40585899353027,35.1663093566895,6.36093807220459
"KOR",7,1990,1993,"KOR7",6.11775398254395,6673,1,-0.00536089995875955,0.0696545988321304,0,0,0.0530342012643814,1,0,0,3.30041289329529,36.8328895568848,6.36093807220459
"LKA",2,1970,1973,"LKA2",1.19378197193146,1243,0,-0.0691360011696815,0.0591978989541531,0.469999998807907,0,0.686072111129761,0,0,0,0.72188937664032,26.3187007904053,4.32552099227905
"LKA",3,1974,1977,"LKA3",2.93693399429321,1297,0,-0.0564122013747692,0.0513909012079239,0.469999998807907,0,0.975907385349274,0,0,0,0.819898784160614,24.0337009429932,4.32552099227905
"LKA",4,1978,1981,"LKA4",3.92356991767883,1497,1,-0.137679994106293,0.153512999415398,0.469999998807907,0,1.34045600891113,0,0,0,2.27744698524475,20.6228008270264,4.32552099227905
"LKA",5,1982,1985,"LKA5",3.74202704429626,1792,0.25,-0.100816898047924,0.100529097020626,0.469999998807907,0.5,1.34476101398468,0,0,0,0.986399829387665,30.206880569458,4.32552099227905
"LKA",6,1986,1989,"LKA6",1.18984603881836,2048,0,-0.0986175984144211,0.0978735014796257,0.469999998807907,1,1.34289300441742,0,0,0,0.466016411781311,31.1256504058838,4.32552099227905
"LKA",7,1990,1993,"LKA7",4.16706609725952,2096,0.75,-0.0719510018825531,0.13213999569416,0.469999998807907,1.25,1.3218389749527,0,0,0,2.218092918396,30.5156002044678,4.32552099227905
"MAR",2,1970,1973,"MAR2",1.47274601459503,1342,0,-0.029941700398922,0.0325894989073277,0.529999971389771,0.25,1.04336595535278,0,0,0,1.02737498283386,31.5362606048584,4.30312490463257
"MAR",3,1974,1977,"MAR3",4.3808798789978,1433,0,-0.115391902625561,0.109550103545189,0.529999971389771,0,0.87019681930542,0,0,0,0.334871292114258,33.3102989196777,4.30312490463257
"MAR",4,1978,1981,"MAR4",1.02159202098846,1819,0,-0.10813619941473,0.0950960963964462,0.529999971389771,0,1.14340603351593,0,0,0,0.404744297266006,39.0663185119629,4.30312490463257
"MAR",5,1982,1985,"MAR5",2.33210492134094,1954,0.5,-0.0812122970819473,0.0880220979452133,0.529999971389771,0,1.00914704799652,0,0,0,1.67723000049591,42.8025894165039,4.30312490463257
"MAR",6,1986,1989,"MAR6",2.13155388832092,2104,1,-0.0512312017381191,0.0411675982177258,0.529999971389771,0,0.554617822170258,0,0,0,3.02625799179077,44.0972709655762,4.30312490463257
"MAR",7,1990,1993,"MAR7",-0.875990986824036,2151,1,-0.0191268008202314,0.0624967999756336,0.529999971389771,0,1.02485799789429,0,0,0,3.21619200706482,46.1356010437012,4.30312490463257
"MDG",2,1970,1973,"MDG2",-1.18913996219635,1146,0,-0.0201459992676973,0.048735398799181,0.0599999986588955,0,1.88712704181671,0,1,0,1.07185304164886,20.673900604248,4.66666698455811
"MDG",3,1974,1977,"MDG3",-2.15419101715088,1014,0,-0.0195757001638412,0.0894227027893066,0.0599999986588955,0,1.77460396289825,0,1,0,1.0188729763031,22.6847496032715,4.66666698455811
"MDG",4,1978,1981,"MDG4",-2.65356111526489,905,0,NA,0.15715229511261,0.0599999986588955,0,1.53497803211212,0,1,0,NA,22.8031692504883,4.66666698455811
"MDG",5,1982,1985,"MDG5",-2.27920603752136,821,0,NA,0.161777496337891,0.0599999986588955,0,2.08665204048157,0,1,0,NA,25.7205600738525,4.66666698455811
"MDG",6,1986,1989,"MDG6",-0.494875609874725,730,0,-0.038290798664093,0.149811297655106,0.0599999986588955,0,3.36714696884155,0,1,0,0.806339621543884,17.672679901123,4.66666698455811
"MDG",7,1990,1993,"MDG7",-3.10981011390686,675,0,-0.0423550009727478,0.106184296309948,0.0599999986588955,0.25,3.78527593612671,0,1,0,0.839514672756195,16.4489307403564,4.66666698455811
"MEX",2,1970,1973,"MEX2",3.70779991149902,3987,0,-0.0243925992399454,0.0661540031433105,0.300000011920929,0.25,0.0231582000851631,0,0,0,1.01843297481537,16.702169418335,5.41406297683716
"MEX",3,1974,1977,"MEX3",1.84050095081329,4782,0,-0.0335144996643066,0.188859596848488,0.300000011920929,0,0.0125562995672226,0,0,0,0.784440875053406,16.2059497833252,5.41406297683716
"MEX",4,1978,1981,"MEX4",5.75704383850098,5208,0,-0.0376555994153023,0.202055007219315,0.300000011920929,0.25,0.0219669006764889,0,0,0,0.737647116184235,19.1755905151367,5.41406297683716
"MEX",5,1982,1985,"MEX5",-2.0507230758667,5942,0,-0.0873244032263756,0.531258881092072,0.300000011920929,0.25,0.0302770994603634,0,0,0,-0.0625900998711586,30.4084300994873,5.41406297683716
"MEX",6,1986,1989,"MEX6",-1.57476794719696,5283,1,-0.104869700968266,0.601650595664978,0.300000011920929,0.5,0.00171840004622936,0,0,0,1.87550103664398,28.1415500640869,5.41406297683716
"MEX",7,1990,1993,"MEX7",0.718729496002197,5827,1,-0.00279700011014938,0.169440001249313,0.300000011920929,0.75,0.00467689987272024,0,0,0,3.17845392227173,20.9077491760254,5.41406297683716
"MLI",2,1970,1973,"MLI2",0.161694601178169,419,0,NA,NA,0.779999971389771,0,4.65203905105591,0,1,0,NA,20.8987903594971,3
"MLI",3,1974,1977,"MLI3",5.68340110778809,432,0,0.000553500023670495,NA,0.779999971389771,0,5.82790994644165,0,1,0,NA,18.3512992858887,3
"MLI",4,1978,1981,"MLI4",-0.845020771026611,511,0,-0.0325080007314682,NA,0.779999971389771,0,5.99857616424561,0,1,0,NA,23.4093799591064,3
"MLI",5,1982,1985,"MLI5",-6.01952981948853,524,0,-0.0839200019836426,NA,0.779999971389771,0,5.97054195404053,0,1,0,NA,21.1775207519531,3
"MLI",6,1986,1989,"MLI6",4.64391613006592,550,0.5,-0.0602905005216599,-0.000767300021834671,0.779999971389771,0,7.64937305450439,0,1,0,1.94457399845123,20.2659492492676,3
"MLI",7,1990,1993,"MLI7",-1.61405897140503,531,1,NA,-0.0108024999499321,0.779999971389771,0,7.05382108688354,0,1,0,NA,22.6977291107178,3
"MWI",2,1970,1973,"MWI2",3.08295798301697,440,0,-0.0763536021113396,NA,0.620000004768372,0,2.8792519569397,0,1,0,NA,15.5810499191284,4.47135400772095
"MWI",3,1974,1977,"MWI3",2.47862100601196,487,0,-0.0697818994522095,NA,0.620000004768372,0,2.70394492149353,0,1,0,NA,18.8547401428223,4.47135400772095
"MWI",4,1978,1981,"MWI4",-1.00154304504395,544,0,-0.115996100008488,0.111672200262547,0.620000004768372,0,4.36864900588989,0,1,0,0.327768504619598,22.5260601043701,4.47135400772095
"MWI",5,1982,1985,"MWI5",-0.477158308029175,495,0,-0.0706126987934113,0.125724300742149,0.620000004768372,0.25,3.47803592681885,0,1,0,0.618772327899933,20.3917198181152,4.47135400772095
"MWI",6,1986,1989,"MWI6",-1.81803095340729,502,0,-0.0688498988747597,0.191322296857834,0.620000004768372,0,6.55614709854126,0,1,0,0.539127171039581,21.2702007293701,4.47135400772095
"MWI",7,1990,1993,"MWI7",-1.09035694599152,519,0,-0.0160495992749929,0.153608307242393,0.620000004768372,0,8.18546772003174,0,1,0,0.95327228307724,23.0289897918701,4.47135400772095
"MYS",2,1970,1973,"MYS2",5.44191694259644,2154,1,-0.0628276020288467,0.0416168011724949,0.720000028610229,0,0.258746385574341,1,0,0,2.94625210762024,30.57253074646,6.90000009536743
"MYS",3,1974,1977,"MYS3",4.44462299346924,2791,1,-0.0721163973212242,0.0691194981336594,0.720000028610229,0.25,0.175324901938438,1,0,0,2.84421896934509,37.6882514953613,6.90000009536743
"MYS",4,1978,1981,"MYS4",4.99043321609497,3239,1,-0.120056703686714,0.0601361989974976,0.720000028610229,0,0.151787206530571,1,0,0,2.52862811088562,43.5829696655273,6.90000009536743
"MYS",5,1982,1985,"MYS5",2.08428406715393,4171,1,-0.118106201291084,0.0336556993424892,0.720000028610229,0,0.222939297556877,1,0,0,2.5789999961853,50.1681594848633,6.90000009536743
"MYS",6,1986,1989,"MYS6",3.25327897071838,3869,1,-0.0690532997250557,0.0158066004514694,0.720000028610229,0,0.226704403758049,1,0,0,2.93972206115723,59.9244499206543,6.90000009536743
"MYS",7,1990,1993,"MYS7",5.89473676681519,5124,1,-0.0466050989925861,0.0374567992985249,0.720000028610229,0,0.170899897813797,1,0,0,3.06311202049255,70.0871200561523,6.90000009536743
"NER",2,1970,1973,"NER2",-8.10133361816406,805,0,NA,0.0641572028398514,0.730000019073486,0,3.86432290077209,0,1,0,NA,8.37538623809814,5.83333301544189
"NER",3,1974,1977,"NER3",-0.0521623007953167,702,0,-0.0190389007329941,0.135253995656967,0.730000019073486,0,5.89605379104614,0,1,0,0.958471477031708,10.1136198043823,5.83333301544189
"NER",4,1978,1981,"NER4",2.97912502288818,643,0,-0.0351920984685421,0.11767689883709,0.730000019073486,0,4.86639499664307,0,1,0,0.872477173805237,12.6160297393799,5.83333301544189
"NER",5,1982,1985,"NER5",-7.83256912231445,714,0,NA,0.0389924012124538,0.730000019073486,0,5.49315595626831,0,1,0,NA,14.9543399810791,5.83333301544189
"NER",6,1986,1989,"NER6",-1.86764299869537,570,0,NA,-0.0361646004021168,0.730000019073486,0,7.77875804901123,0,1,0,NA,14.2081899642944,5.83333301544189
"NER",7,1990,1993,"NER7",-2.75272798538208,NA,0,NA,-0.0368211008608341,0.730000019073486,0,7.44960689544678,0,1,0,NA,19.2735805511475,5.83333301544189
"NGA",2,1970,1973,"NGA2",6.63338088989258,767,0,0.00663990015164018,0.0909786969423294,0.870000004768372,0,0.37386679649353,0,1,0,1.19614398479462,16.2745895385742,3.08489608764648
"NGA",3,1974,1977,"NGA3",2.81861090660095,1192,0,0.0233878996223211,0.189533695578575,0.870000004768372,0.25,0.106748998165131,0,1,0,1.17299604415894,14.9919900894165,3.08489608764648
"NGA",4,1978,1981,"NGA4",-4.03395700454712,1513,0,0.0866701975464821,0.147832795977592,0.870000004768372,0,0.053014699369669,0,1,0,1.66446399688721,20.8344993591309,3.08489608764648
"NGA",5,1982,1985,"NGA5",-2.39223194122314,1419,0,-0.0759290009737015,0.172023504972458,0.870000004768372,0,0.0485013984143734,0,1,0,0.517651498317719,25.4985809326172,3.08489608764648
"NGA",6,1986,1989,"NGA6",0.321465104818344,973,0,-0.0796353965997696,0.251559287309647,0.870000004768372,0,0.0889787971973419,0,1,0,0.381083786487579,32.7473297119141,3.08489608764648
"NGA",7,1990,1993,"NGA7",1.31226205825806,995,0,-0.11050920188427,0.253547489643097,0.870000004768372,0,0.154587402939796,0,1,0,0.166972696781158,26.145450592041,3.08489608764648
"NIC",2,1970,1973,"NIC2",-0.385099500417709,2359,0,-0.0255311001092196,0.239172101020813,0.180000007152557,0,0.427659690380096,0,0,1,0.768746376037598,15.5150995254517,2.99947905540466
"NIC",3,1974,1977,"NIC3",3.55345988273621,2629,0,-0.0563245005905628,0.0833145976066589,0.180000007152557,0,0.523082494735718,0,0,1,0.775866687297821,18.7178592681885,2.99947905540466
"NIC",4,1978,1981,"NIC4",-10.26123046875,2459,0,-0.0776142030954361,0.23856520652771,0.180000007152557,1.25,2.07274103164673,0,0,1,0.413086205720901,19.5949802398682,2.99947905540466
"NIC",5,1982,1985,"NIC5",-3.48844003677368,1839,0,-0.189616397023201,0.489231288433075,0.180000007152557,0,3.11983704566956,0,0,1,-0.704021275043488,27.32080078125,2.99947905540466
"PAK",2,1970,1973,"PAK2",2.08359408378601,1029,0,-0.0648221969604492,0.0891135036945343,0.639999985694885,0.5,0.817057490348816,0,0,0,0.709593117237091,38.4213409423828,4.109375
"PAK",3,1974,1977,"PAK3",1.49976003170013,934,0,-0.0845154970884323,0.147962003946304,0.639999985694885,0.5,1.05536603927612,0,0,0,0.492516905069351,47.1817207336426,4.109375
"PAK",4,1978,1981,"PAK4",4.54686689376831,1014,0,-0.0705578029155731,0.0910094976425171,0.639999985694885,0.25,0.849733412265778,0,0,0,0.667681992053986,36.8958892822266,4.109375
"PAK",5,1982,1985,"PAK5",3.47619390487671,1129,0,-0.062169998884201,0.0581895001232624,0.639999985694885,0.25,0.708363473415375,0,0,0,0.77098149061203,40.9459381103516,4.109375
"PAK",6,1986,1989,"PAK6",3.14455604553223,1280,0,-0.0783051028847694,0.060105100274086,0.639999985694885,0,0.666051208972931,0,0,0,0.657858908176422,41.2964210510254,4.109375
"PAK",7,1990,1993,"PAK7",1.98253095149994,1394,0,-0.0742579028010368,0.0960057005286217,0.639999985694885,0.75,0.493209302425385,0,0,0,0.635369777679443,42.2417488098145,4.109375
"PER",2,1970,1973,"PER2",1.50050795078278,2736,0,-0.0257389005273581,0.0687735974788666,0.589999973773956,0,0.253695487976074,0,0,0,1.00555503368378,21.3745307922363,3.234375
"PER",3,1974,1977,"PER3",0.928691923618317,3138,0,-0.0486479997634888,0.244848400354385,0.589999973773956,0,0.355115294456482,0,0,0,0.602575421333313,24.9636192321777,3.234375
"PER",4,1978,1981,"PER4",1.36496305465698,2796,0,-0.0275733005255461,0.498547911643982,0.589999973773956,0.25,0.33833721280098,0,0,0,0.392138689756393,25.0047092437744,3.234375
"PER",5,1982,1985,"PER5",-4.26800012588501,2977,0,-0.0440960004925728,0.739064574241638,0.589999973773956,0.75,0.483024895191193,0,0,0,-0.0572213008999825,20.7884292602539,3.234375
"PER",6,1986,1989,"PER6",-3.05359792709351,2838,0,-0.0490810014307499,1.6970249414444,0.589999973773956,3.25,0.402358293533325,0,0,0,-1.43065094947815,23.4157295227051,3.234375
"PER",7,1990,1993,"PER7",-0.764344573020935,2188,0.75,-0.017502099275589,1.72593998908997,0.589999973773956,2.25,0.63532292842865,0,0,0,0.362533688545227,20.1938896179199,3.234375
"PHL",2,1970,1973,"PHL2",2.79882192611694,1403,0,-0.00882379990071058,0.142105102539062,0.740000009536743,1.5,0.399012714624405,1,0,0,1.01881504058838,23.9455795288086,2.96770811080933
"PHL",3,1974,1977,"PHL3",3.0909309387207,1587,0,-0.0114069003611803,0.135426804423332,0.740000009536743,0.75,0.302296906709671,1,0,0,1.01047098636627,22.6906394958496,2.96770811080933
"PHL",4,1978,1981,"PHL4",2.33450388908386,1780,0,-0.0179372001439333,0.130622997879982,0.740000009536743,0.25,0.255597591400146,1,0,0,0.972486913204193,19.8945007324219,2.96770811080933
"PHL",5,1982,1985,"PHL5",-4.93507385253906,1915,0,-0.0260435994714499,0.202118799090385,0.740000009536743,2.25,0.384600400924683,1,0,0,0.817041873931885,23.7668209075928,2.96770811080933
"PHL",6,1986,1989,"PHL6",2.92423295974731,1535,0.5,-0.0312660001218319,0.0609684996306896,0.740000009536743,3,0.614166080951691,1,0,0,2.05693507194519,28.8011703491211,2.96770811080933
"PHL",7,1990,1993,"PHL7",-0.908533215522766,1763,1,-0.0205735005438328,0.115590296685696,0.740000009536743,0,0.676010727882385,1,0,0,3.13206100463867,28.7282600402832,2.96770811080933
"PRY",2,1970,1973,"PRY2",3.13960909843445,1394,0,-0.00461470009759068,0.0621660985052586,0.140000000596046,0,0.746152222156525,0,0,0,1.15938794612885,15.6143398284912,4.39687490463257
"PRY",3,1974,1977,"PRY3",4.85599184036255,1615,0,0.000798300025053322,0.105965599417686,0.140000000596046,0,0.633255481719971,0,0,0,1.13520503044128,18.7623500823975,4.39687490463257
"PRY",4,1978,1981,"PRY4",7.50621891021729,2057,0,0.00203859992325306,0.1706513017416,0.140000000596046,0,0.533985793590546,0,0,0,1.05325901508331,20.2873802185059,4.39687490463257
"PRY",5,1982,1985,"PRY5",-3.17577409744263,2414,0,-0.00734760006889701,0.150322705507278,0.140000000596046,0,0.674199819564819,0,0,0,1.01743102073669,23.1310291290283,4.39687490463257
"PRY",6,1986,1989,"PRY6",0.90014511346817,1998,0.25,0.00771099980920553,0.227785095572472,0.140000000596046,0,0.742083191871643,0,0,0,1.55135905742645,21.7027606964111,4.39687490463257
"PRY",7,1990,1993,"PRY7",-0.109794296324253,2128,1,0.0118300002068281,0.21280699968338,0.140000000596046,0.25,0.786156475543976,0,0,0,3.21794605255127,17.944019317627,4.39687490463257
"SEN",2,1970,1973,"SEN2",-0.364286601543427,1146,0,-0.00889169983565807,0.0581047981977463,0.720000028610229,0,3.35994505882263,0,1,0,1.13578999042511,13.3981895446777,4.74739599227905
"SEN",3,1974,1977,"SEN3",1.68932795524597,1062,0,-0.0182469002902508,0.136697202920914,0.720000028610229,0,3.27847194671631,0,1,0,0.961874902248383,16.346549987793,4.74739599227905
"SEN",4,1978,1981,"SEN4",-3.19903802871704,1110,0,-0.00733960000798106,0.0667290017008781,0.720000028610229,0,3.89713311195374,0,1,0,1.1343560218811,23.899829864502,4.74739599227905
"SEN",5,1982,1985,"SEN5",1.13519704341888,1203,0,-0.0670182034373283,0.12593400478363,0.720000028610229,0,3.98954606056213,0,1,0,0.643082678318024,30.1430702209473,4.74739599227905
"SEN",6,1986,1989,"SEN6",0.452688097953796,1155,0,NA,0.000937299977522343,0.720000028610229,0,6.19755220413208,0,1,0,NA,28.3385791778564,4.74739599227905
"SEN",7,1990,1993,"SEN7",-1.7337349653244,1145,0,NA,-0.00535689992830157,0.720000028610229,0,5.4723219871521,0,1,0,NA,24.6927795410156,4.74739599227905
"SLE",2,1970,1973,"SLE2",1.77394902706146,1435,0,-0.021561399102211,0.0394867993891239,0.769999980926514,0.25,1.47986400127411,0,1,0,1.07509505748749,13.1387500762939,5.41666698455811
"SLE",3,1974,1977,"SLE3",-0.993525326251984,1259,0,-0.0739955976605415,0.138715595006943,0.769999980926514,0,0.706645786762238,0,1,0,0.577453315258026,14.9892997741699,5.41666698455811
"SLE",4,1978,1981,"SLE4",1.70899403095245,1065,0,-0.107622399926186,0.156888097524643,0.769999980926514,0,1.42728900909424,0,1,0,0.321870714426041,17.559700012207,5.41666698455811
"SLE",5,1982,1985,"SLE5",-3.30669903755188,1074,0,-0.100685901939869,0.459729999303818,0.769999980926514,0,2.05634093284607,0,1,0,-0.0540466010570526,21.3038597106934,5.41666698455811
"SLE",6,1986,1989,"SLE6",-0.461215198040009,881,0,-0.0833278968930244,0.596839606761932,0.769999980926514,0,2.26698207855225,0,1,0,-0.126921206712723,27.3359794616699,5.41666698455811
"SLE",7,1990,1993,"SLE7",-1.03711903095245,901,0,-0.0495100989937782,0.539332270622253,0.769999980926514,0,2.25026202201843,0,1,0,0.184961602091789,20.2812309265137,5.41666698455811
"SLV",2,1970,1973,"SLV2",1.30676901340485,1810,0,-0.00357050006277859,0.0273579992353916,0.170000001788139,0,0.362830013036728,0,0,1,1.21519994735718,22.6415004730225,2.58333301544189
"SLV",3,1974,1977,"SLV3",1.96245098114014,1985,0,0.000619200000073761,0.127635806798935,0.170000001788139,1.25,0.295998811721802,0,0,1,1.10368204116821,26.0614795684814,2.58333301544189
"SLV",4,1978,1981,"SLV4",-6.3899621963501,2330,0,-0.0345072001218796,0.139829397201538,0.170000001788139,5.5,0.771511375904083,0,0,1,0.846194326877594,29.3745803833008,2.58333301544189
"SLV",5,1982,1985,"SLV5",-1.75410497188568,1744,0,-0.0376528985798359,0.136590406298637,0.170000001788139,5,3.07124400138855,0,0,1,0.829190313816071,29.7692909240723,2.58333301544189
"SLV",6,1986,1989,"SLV6",-0.470531404018402,1813,0.25,-0.00658940011635423,0.210483700037003,0.170000001788139,1.25,3.82965493202209,0,0,1,1.47766196727753,34.0814208984375,2.58333301544189
"SLV",7,1990,1993,"SLV7",3.49795508384705,1824,1,-0.021671699360013,0.156566694378853,0.170000001788139,3.25,2.86004304885864,0,0,1,3.0672550201416,28.5367908477783,2.58333301544189
"SOM",2,1970,1973,"SOM2",1.09998595714569,921,0,-0.00206510000862181,0.00896690040826797,0.0799999982118607,0,1.86537802219391,0,1,0,1.25121700763702,NA,3.73333311080933
"SOM",3,1974,1977,"SOM3",3.88793301582336,602,0,-0.0284145995974541,0.144242092967033,0.0799999982118607,0,4.19011306762695,0,1,0,0.88172847032547,20.3165798187256,3.73333311080933
"SOM",4,1978,1981,"SOM4",-2.69182395935059,921,0,-0.0855763033032417,0.285604804754257,0.0799999982118607,0,4.69088697433472,0,1,0,0.292819887399673,24.5141506195068,3.73333311080933
"SOM",5,1982,1985,"SOM5",-1.95266902446747,866,0,NA,0.371994286775589,0.0799999982118607,0,5.4751877784729,0,1,0,NA,23.5721092224121,3.73333311080933
"SOM",6,1986,1989,"SOM6",-0.0507204011082649,817,0,NA,0.384141594171524,0.0799999982118607,0,6.21330976486206,0,1,0,NA,14.6896600723267,3.73333311080933
"SOM",7,1990,1993,"SOM7",-3.50982904434204,NA,0,NA,NA,0.0799999982118607,0.25,1.32747197151184,0,1,0,NA,NA,3.73333311080933
"SYR",2,1970,1973,"SYR2",1.80641603469849,2294,0,-0.0468223989009857,0.0764980018138885,0.219999998807907,0,1.27354204654694,0,0,0,0.850439429283142,31.916690826416,3.078125
"SYR",3,1974,1977,"SYR3",8.78395175933838,3242,0,-0.0743936002254486,0.118531301617622,0.219999998807907,0,3.16642498970032,0,0,0,0.602947890758514,37.2150688171387,3.078125
"SYR",4,1978,1981,"SYR4",4.58913898468018,4158,0,-0.0607739984989166,0.109193697571754,0.219999998807907,1.25,3.51420998573303,0,0,0,0.709229111671448,39.2340888977051,3.078125
"SYR",5,1982,1985,"SYR5",-2.07939910888672,4457,0,NA,0.110149100422859,0.219999998807907,0,1.83478903770447,0,0,0,NA,45.5873908996582,3.078125
"SYR",6,1986,1989,"SYR6",-3.85980010032654,3752,0,-0.0256491005420685,0.294883608818054,0.219999998807907,0,0.830805778503418,0,0,0,0.690049707889557,63.1517791748047,3.078125
"SYR",7,1990,1993,"SYR7",4.34282398223877,3897,0,0.00865969993174076,0.113288797438145,0.219999998807907,0,0.492805898189545,0,0,0,1.17877805233002,60.2673492431641,3.078125
"TGO",2,1970,1973,"TGO2",0.272366791963577,618,0,NA,0.0541681982576847,0.709999978542328,0,4.64147996902466,0,1,0,NA,13.5280799865723,4.34635400772095
"TGO",3,1974,1977,"TGO3",0.2524473965168,621,0,-0.205350801348686,0.149763002991676,0.709999978542328,0,4.26530790328979,0,1,0,-0.337118595838547,16.9823093414307,4.34635400772095
"TGO",4,1978,1981,"TGO4",1.1278760433197,704,0,-0.121777400374413,0.0932810977101326,0.709999978542328,0,4.33218812942505,0,1,0,0.313907504081726,26.0203609466553,4.34635400772095
"TGO",5,1982,1985,"TGO5",-2.2750871181488,654,0,-0.0199616998434067,0.0351865999400616,0.709999978542328,0,6.44503021240234,0,1,0,1.0920569896698,33.7623481750488,4.34635400772095
"TGO",6,1986,1989,"TGO6",-0.0610903017222881,657,0,-0.0351443998515606,0.0077547999098897,0.709999978542328,0,6.39496088027954,0,1,0,1.02648401260376,42.1669502258301,4.34635400772095
"TGO",7,1990,1993,"TGO7",-7.65809917449951,641,0,NA,0.0044208001345396,0.709999978542328,0.5,6.74305391311646,0,1,0,NA,39.5740394592285,4.34635400772095
"THA",2,1970,1973,"THA2",4.45809888839722,1526,1,-0.0392023995518684,0.0488457009196281,0.660000026226044,0,0.255590587854385,1,0,0,3.09786009788513,27.0847301483154,6.25885391235352
"THA",3,1974,1977,"THA3",4.05100011825562,1641,1,-0.0209900997579098,0.0958705991506577,0.660000026226044,0.25,0.183516904711723,1,0,0,3.15677905082703,32.1270408630371,6.25885391235352
"THA",4,1978,1981,"THA4",4.12606716156006,2025,1,-0.0387073010206223,0.11742839962244,0.660000026226044,0,0.27382230758667,1,0,0,3.00536489486694,34.8598785400391,6.25885391235352
"THA",5,1982,1985,"THA5",3.49102902412415,2195,1,-0.0474306009709835,0.0301201995462179,0.660000026226044,0,0.280643790960312,1,0,0,3.06771802902222,37.5469398498535,6.25885391235352
"THA",6,1986,1989,"THA6",7.96573781967163,2510,1,-0.00706849992275238,0.0331710986793041,0.660000026226044,0,0.271888911724091,1,0,0,3.33973097801208,50.5787086486816,6.25885391235352
"THA",7,1990,1993,"THA7",7.00949478149414,3580,1,0.0353921987116337,0.0474888011813164,0.660000026226044,0,0.192318603396416,1,0,0,3.61035799980164,61.943660736084,6.25885391235352
"TTO",2,1970,1973,"TTO2",1.91841197013855,6795,0,-0.0104860002174973,0.0716693997383118,0.560000002384186,0,0.0801403000950813,0,0,0,1.10591304302216,24.5119495391846,6.08854198455811
"TTO",3,1974,1977,"TTO3",4.51041698455811,7918,0,0.0941205024719238,0.142128899693489,0.560000002384186,0,0.0439714007079601,0,0,0,1.72343599796295,32.6889190673828,6.08854198455811
"TTO",4,1978,1981,"TTO4",5.54455614089966,10249,0,0.0340385995805264,0.132483601570129,0.560000002384186,0,0.0569761991500854,0,0,0,1.32565999031067,28.4242401123047,6.08854198455811
"TTO",5,1982,1985,"TTO5",-4.52454805374146,11368,0,-0.0966328978538513,0.112495698034763,0.560000002384186,0,0.0713976994156837,0,0,0,0.459158509969711,32.7686309814453,6.08854198455811
"TTO",6,1986,1989,"TTO6",-4.47855806350708,9637,0,-0.0532118007540703,0.0898023992776871,0.560000002384186,0,0.0788588002324104,0,0,0,0.788103103637695,43.1216506958008,6.08854198455811
"TTO",7,1990,1993,"TTO7",-0.949348211288452,7764,0,NA,0.0768397003412247,0.560000002384186,0,0.0446649007499218,0,0,0,NA,48.9346618652344,6.08854198455811
"TUN",2,1970,1973,"TUN2",5.57634305953979,1442,0,-0.0118765002116561,NA,0.159999996423721,0,2.53868389129639,0,0,0,NA,33.4012603759766,4.59114599227905
"TUN",3,1974,1977,"TUN3",4.30738687515259,1880,0,-0.0292537994682789,NA,0.159999996423721,0,1.8971940279007,0,0,0,NA,34.0926094055176,4.59114599227905
"TUN",4,1978,1981,"TUN4",3.75622510910034,2295,0,-0.0354500003159046,NA,0.159999996423721,0,1.16612005233765,0,0,0,NA,38.5186805725098,4.59114599227905
"TUN",5,1982,1985,"TUN5",1.44759905338287,2597,0,-0.0604234002530575,0.077646903693676,0.159999996423721,0,0.842860996723175,0,0,0,0.755733788013458,41.871509552002,4.59114599227905
"TUN",6,1986,1989,"TUN6",-0.597812712192535,2685,0.25,-0.0500308983027935,0.0707311034202576,0.159999996423721,0,0.977289497852325,0,0,0,1.37568998336792,44.8382606506348,4.59114599227905
"TUN",7,1990,1993,"TUN7",2.94265294075012,2910,1,-0.0403051003813744,0.0594348981976509,0.159999996423721,0,0.900539219379425,0,0,0,3.07550811767578,50.1180801391602,4.59114599227905
"TUR",2,1970,1973,"TUR2",3.10810804367065,2202,0,-0.0249987002462149,0.116782903671265,0.25,0.25,0.309261113405228,0,0,0,0.943501114845276,NA,5.26302099227905
"TUR",3,1974,1977,"TUR3",5.07283782958984,2658,0,-0.0282049998641014,0.180553093552589,0.25,0.25,0.10801699757576,0,0,0,0.832397997379303,NA,5.26302099227905
"TUR",4,1978,1981,"TUR4",-0.915002882480621,3052,0,-0.0404018014669418,0.472446888685226,0.25,3.5,0.29300931096077,0,0,0,0.340819090604782,NA,5.26302099227905
"TUR",5,1982,1985,"TUR5",2.29925394058228,2868,0,-0.0720006003975868,0.326945185661316,0.25,0.25,0.188229903578758,0,0,0,0.32794851064682,NA,5.26302099227905
"TUR",6,1986,1989,"TUR6",3.02453589439392,3299,0.25,-0.0315781012177467,0.416923612356186,0.25,0,0.0915711000561714,0,0,0,1.01799404621124,NA,5.26302099227905
"TUR",7,1990,1993,"TUR7",3.78490090370178,3741,1,-0.0483237989246845,0.504261910915375,0.25,3.25,0.328078508377075,0,0,0,2.39871501922607,28.6920890808105,5.26302099227905
"TZA",2,1970,1973,"TZA2",NA,424,0,NA,0.0633677989244461,0.930000007152557,0.25,3.28930902481079,0,1,0,NA,21.8216209411621,4.63906288146973
"TZA",3,1974,1977,"TZA3",NA,508,0,NA,0.146667495369911,0.930000007152557,0,4.86324596405029,0,1,0,NA,26.6176795959473,4.63906288146973
"TZA",4,1978,1981,"TZA4",NA,543,0,-0.106952399015427,0.169413104653358,0.930000007152557,0,6.81228017807007,0,1,0,0.30894610285759,28.6168003082275,4.63906288146973
"TZA",5,1982,1985,"TZA5",-0.154491201043129,466,0,-0.0909411013126373,0.272357404232025,0.930000007152557,0,5.69117784500122,0,1,0,0.274618893861771,37.7489814758301,4.63906288146973
"TZA",6,1986,1989,"TZA6",0.669309020042419,540,0,-0.0565981008112431,0.261061608791351,0.930000007152557,0,6.02334880828857,0,1,0,0.525489509105682,38.2169418334961,4.63906288146973
"TZA",7,1990,1993,"TZA7",0.24762150645256,NA,0,-0.0553310997784138,0.24536070227623,0.930000007152557,0,5.6105318069458,0,1,0,0.556113183498383,27.617259979248,4.63906288146973
"URY",2,1970,1973,"URY2",-0.175985902547836,4121,0,-0.0287146996706724,0.40296858549118,0.200000002980232,1,0.1402518004179,0,0,0,0.51795369386673,21.6000194549561,5.11927080154419
"URY",3,1974,1977,"URY3",3.11871790885925,4142,0,-0.0298881996423006,0.509005486965179,0.200000002980232,0,0.0735910981893539,0,0,0,0.361672699451447,21.6770305633545,5.11927080154419
"URY",4,1978,1981,"URY4",3.99295806884766,4542,0,-0.00613689981400967,0.416209101676941,0.200000002980232,0,0.0878940969705582,0,0,0,0.653987526893616,23.4134502410889,5.11927080154419
"URY",5,1982,1985,"URY5",-5.76360702514648,4655,0,-0.0534810982644558,0.389456689357758,0.200000002980232,0,0.0937653034925461,0,0,0,0.367318689823151,39.244499206543,5.11927080154419
"URY",6,1986,1989,"URY6",3.74084806442261,4316,0,-0.0156028997153044,0.533353686332703,0.200000002980232,0,0.171612903475761,0,0,0,0.425414890050888,51.570671081543,5.11927080154419
"URY",7,1990,1993,"URY7",2.545166015625,4602,1,0.00330560002475977,0.602694511413574,0.200000002980232,0,0.188582003116608,0,0,0,2.614501953125,50.5727310180664,5.11927080154419
"VEN",2,1970,1973,"VEN2",0.853541195392609,7753,0,0.000741299998480827,0.0311938002705574,0.109999999403954,0,0.0279335994273424,0,0,0,1.23935198783875,21.7399196624756,5.55989599227905
"VEN",3,1974,1977,"VEN3",1.18619394302368,7415,0,-0.00205449992790818,0.0813862979412079,0.109999999403954,0.25,0.0185610000044107,0,0,0,1.15004098415375,24.9484901428223,5.55989599227905
"VEN",4,1978,1981,"VEN4",-3.62702798843384,8257,0,-0.00716189993545413,0.132288798689842,0.109999999403954,0,0.0168616008013487,0,0,0,1.04391503334045,43.4922103881836,5.55989599227905
"VEN",5,1982,1985,"VEN5",-3.62591600418091,6857,0,0.00831650011241436,0.0927437990903854,0.109999999403954,0,0.0207685008645058,0,0,0,1.20515203475952,36.5165214538574,5.55989599227905
"VEN",6,1986,1989,"VEN6",-0.988576710224152,6382,0.25,-0.0285842996090651,0.306928187608719,0.109999999403954,0,0.0109372995793819,0,0,0,1.19226896762848,42.2404403686523,5.55989599227905
"VEN",7,1990,1993,"VEN7",3.07223296165466,6055,1,-0.00307479989714921,0.30788990855217,0.109999999403954,0.5,-0.00797289982438087,0,0,0,2.98298907279968,36.3125991821289,5.55989599227905
"ZAR",2,1970,1973,"ZAR2",1.74848902225494,686,0,-0.0279335007071495,0.106356896460056,0.899999976158142,0,2.08755588531494,0,1,0,0.937988519668579,24.2613296508789,2.98125004768372
"ZAR",3,1974,1977,"ZAR3",-4.6452751159668,693,0,-0.0585213005542755,0.40615239739418,0.899999976158142,0.25,2.14513897895813,0,1,0,0.309476405382156,23.1506690979004,2.98125004768372
"ZAR",4,1978,1981,"ZAR4",-3.41455101966858,518,0,-0.0287318993359804,0.445363104343414,0.899999976158142,0,2.62961411476135,0,1,0,0.45856499671936,28.3622608184814,2.98125004768372
"ZAR",5,1982,1985,"ZAR5",-1.53236699104309,482,0,-0.0100095998495817,0.378696590662003,0.899999976158142,0,1.98407995700836,0,1,0,0.679924190044403,17.0942802429199,2.98125004768372
"ZAR",6,1986,1989,"ZAR6",-1.87451195716858,454,0,-0.0199296995997429,0.549522221088409,0.899999976158142,0,2.90455508232117,0,1,0,0.373193502426147,24.1433200836182,2.98125004768372
"ZAR",7,1990,1993,"ZAR7",-10.233980178833,NA,0,-0.124052599072456,2.62332510948181,0.899999976158142,0.25,1.68794500827789,0,1,0,-3.23887491226196,8.97332954406738,2.98125004768372
"ZMB",2,1970,1973,"ZMB2",0.230008900165558,1117,0,-0.111272297799587,0.0493208989500999,0.819999992847443,0,2.65998411178589,0,1,0,0.447275012731552,19.2162799835205,4.13645792007446
"ZMB",3,1974,1977,"ZMB3",-1.87996304035187,1208,0,-0.113623298704624,0.131765499711037,0.819999992847443,0,2.45145606994629,0,1,0,0.315918296575546,26.8122291564941,4.13645792007446
"ZMB",4,1978,1981,"ZMB4",-1.83120000362396,1007,0,-0.137259393930435,0.119052097201347,0.819999992847443,0,4.00895023345947,0,1,0,0.171903401613235,30.6460304260254,4.13645792007446
"ZMB",5,1982,1985,"ZMB5",-4.60040092468262,940,0,-0.124925300478935,0.201364293694496,0.819999992847443,0,4.13725519180298,0,1,0,0.14125120639801,29.3446807861328,4.13645792007446
"ZMB",6,1986,1989,"ZMB6",-1.56808602809906,786,0,-0.131852701306343,0.510243475437164,0.819999992847443,0,6.15521001815796,0,1,0,-0.338005185127258,33.866569519043,4.13645792007446
"ZMB",7,1990,1993,"ZMB7",-2.57969403266907,689,0.25,-0.105892702937126,0.895927429199219,0.819999992847443,0,9.41953563690186,0,1,0,-0.160376101732254,31.6730995178223,4.13645792007446
"ZWE",2,1970,1973,"ZWE2",6.71951580047607,1082,0,NA,0.027292700484395,0.540000021457672,NA,0.0359697006642818,0,1,0,NA,NA,4.4375
"ZWE",3,1974,1977,"ZWE3",-3.58087992668152,1364,0,-0.0490099005401134,0.0903112962841988,0.540000021457672,NA,0.0879853963851929,0,1,0,0.816153228282928,NA,4.4375
"ZWE",4,1978,1981,"ZWE4",2.90417695045471,1168,0,-0.0948826000094414,0.0994952023029327,0.540000021457672,1,1.04990494251251,0,1,0,0.489315211772919,NA,4.4375
"ZWE",5,1982,1985,"ZWE5",-0.633614301681519,1332,0,-0.0846811011433601,0.143533304333687,0.540000021457672,0.75,1.9634120464325,0,1,0,0.49757519364357,33.4037704467773,4.4375
"ZWE",6,1986,1989,"ZWE6",0.538995683193207,1178,0,-0.088602602481842,0.11105140298605,0.540000021457672,0,2.08416295051575,0,1,0,0.51614511013031,29.7610893249512,4.4375
"ZWE",7,1990,1993,"ZWE7",-2.01514410972595,1182,0,-0.0675185024738312,0.241160094738007,0.540000021457672,0,2.95879793167114,0,1,0,0.478562891483307,30.2796802520752,4.4375
