"idno","gender","age","income_decile","income_feel","ppl_take_advantage","ppl_mostly_helpful","trust_legal","trust_police","trust_politicians","trust_ep","trust_un","trust_polparties","trust_parliament","satisfied_government","satisfied_democracy","satisfied_economy"
27,2,57,4,1,3,4,8,8,6,2,2,4,7,9,7,9
137,1,58,5,1,7,5,7,7,7,7,7,7,7,5,8,8
234,1,63,10,1,7,6,6,8,5,8,7,NA,6,4,7,8
237,1,51,6,2,4,2,1,0,2,3,3,3,2,7,2,8
290,1,46,10,1,9,7,9,9,8,8,9,8,9,8,8,8
301,1,55,6,2,6,4,7,5,2,0,1,2,2,1,1,7
382,1,60,2,2,10,10,8,9,5,3,6,5,3,7,5,7
395,1,19,8,1,4,7,7,8,6,7,8,8,8,8,10,9
419,2,69,3,1,7,7,7,6,6,4,6,5,6,4,6,7
438,2,44,7,2,8,8,8,8,5,NA,8,5,7,3,5,5
496,2,84,3,1,8,4,8,7,4,5,6,3,9,5,4,8
541,2,53,7,2,10,10,7,7,5,4,7,5,9,4,8,10
651,1,68,3,1,8,8,5,6,7,7,8,7,6,5,9,8
687,2,78,1,1,6,5,8,9,7,NA,8,6,6,4,7,6
722,1,33,NA,1,7,4,9,7,8,8,8,7,8,6,8,8
858,2,25,1,3,10,9,6,8,6,7,7,5,8,3,7,6
859,2,48,8,1,5,8,8,8,7,NA,8,6,8,6,7,NA
863,1,37,4,2,8,7,7,6,6,5,7,6,8,7,7,9
912,2,57,6,1,9,8,9,9,8,7,8,8,9,9,10,10
976,1,19,5,2,7,5,8,7,6,3,6,6,8,5,7,7
1263,1,42,10,1,7,7,6,7,5,6,8,6,7,6,7,8
1309,2,21,NA,2,7,6,6,9,4,4,4,9,9,7,10,7
1369,1,53,6,1,8,6,9,8,6,2,7,5,8,4,7,6
1406,1,65,4,2,2,1,4,4,5,4,6,5,4,4,8,4
1473,1,60,8,1,6,6,9,9,2,5,7,2,8,1,2,6
1539,2,17,7,1,10,9,10,10,8,NA,10,9,10,7,10,8
1564,2,65,4,2,7,7,3,7,7,5,7,5,5,8,6,8
1603,2,30,4,2,7,4,9,7,3,7,7,5,7,1,8,7
1620,1,29,7,1,8,5,9,8,5,NA,6,5,6,6,7,9
1636,2,24,2,2,5,5,8,9,7,7,8,7,8,3,8,6
1732,2,35,7,1,7,5,7,8,6,NA,NA,7,7,8,NA,7
1736,2,58,NA,2,10,5,10,8,3,8,8,3,3,1,5,6
1750,2,90,NA,1,8,8,10,10,5,5,5,5,8,3,5,7
1766,2,52,2,2,7,7,8,8,7,7,7,7,8,7,8,8
1775,1,32,6,2,9,8,9,8,8,6,7,7,8,5,8,9
1901,2,24,7,1,5,6,6,7,4,6,6,5,4,7,7,7
1903,2,71,9,1,2,1,5,5,0,0,0,0,0,10,2,5
1942,1,24,1,2,5,9,5,10,4,5,5,4,10,5,5,8
2047,2,22,8,1,5,5,4,4,2,NA,3,2,5,4,4,6
2153,1,55,4,2,9,9,9,9,7,7,9,7,9,5,9,7
2237,1,80,2,1,8,8,9,9,7,10,9,8,9,8,9,7
2266,1,53,5,1,8,8,8,6,6,NA,6,7,8,9,9,9
2423,1,65,8,2,8,8,8,8,7,5,6,7,10,8,9,8
2433,2,39,5,2,7,7,6,6,5,6,8,5,8,5,9,7
2437,1,22,10,1,8,6,9,9,6,8,10,6,8,8,9,10
2470,1,50,8,1,4,8,NA,9,6,NA,9,6,10,8,10,8
2480,1,62,4,1,9,8,7,8,6,NA,5,5,6,6,8,9
2511,2,67,5,2,6,3,8,8,3,0,7,3,7,6,8,7
2588,1,55,9,1,8,7,9,7,5,NA,7,6,9,3,9,10
2606,2,24,NA,1,8,7,9,8,5,6,7,5,8,6,9,7
2645,2,52,8,1,7,7,7,7,4,4,3,7,6,6,7,7
2706,2,50,10,1,6,6,7,7,6,5,6,5,6,8,8,10
2724,2,31,NA,2,5,4,10,8,6,NA,8,6,7,2,5,3
2736,2,30,4,2,5,7,3,3,0,1,5,0,2,5,5,7
2749,1,53,9,1,7,7,7,9,4,NA,6,4,5,5,7,8
2784,2,66,3,1,10,8,7,8,5,NA,NA,5,6,4,6,8
2963,1,22,1,3,7,6,5,5,5,5,6,5,7,5,8,7
2990,1,35,1,4,2,4,10,1,3,9,0,2,10,2,10,1
3112,2,45,9,2,7,5,9,9,4,5,7,5,6,4,6,6
3126,1,63,7,1,8,8,6,8,7,1,5,3,8,10,10,9
3171,2,51,7,1,8,5,8,8,6,9,9,6,9,7,9,9
3182,1,64,4,1,6,4,7,5,2,NA,4,4,3,5,3,3
3256,1,27,1,2,6,3,9,8,3,8,8,3,6,5,7,5
3273,2,28,1,2,8,8,10,10,7,NA,9,6,10,4,8,9
3343,1,56,10,1,7,5,8,7,7,7,8,6,6,8,7,8
3409,2,44,9,1,7,5,8,8,3,7,8,4,8,7,8,9
3469,1,19,NA,1,7,9,9,9,5,NA,9,6,9,NA,10,10
3505,2,65,7,1,6,7,7,6,6,NA,8,6,7,5,8,8
3566,1,40,8,2,10,9,7,9,5,7,9,5,5,5,5,9
3590,1,54,6,2,8,3,4,8,3,0,5,3,3,4,4,7
3648,2,18,NA,NA,8,8,7,7,6,8,10,6,5,7,8,8
3651,2,36,3,2,7,3,7,6,4,4,6,4,4,3,5,3
3667,1,88,2,1,9,3,10,7,3,5,6,3,4,5,6,8
3675,2,75,6,1,9,7,9,8,7,5,8,6,8,3,10,8
3684,1,72,5,1,8,8,8,8,8,7,7,7,8,8,8,9
3688,2,25,6,2,7,4,8,9,6,NA,6,6,7,7,8,8
3730,2,20,5,1,8,7,8,10,8,8,10,7,8,8,9,10
3734,2,49,10,3,9,7,8,10,5,5,10,4,5,6,5,5
3791,2,56,4,2,7,5,8,8,5,5,5,5,7,6,7,6
3838,2,56,6,2,2,4,8,9,3,0,3,3,6,3,5,3
3886,1,23,1,2,7,6,7,10,6,8,8,5,7,7,6,7
3965,1,32,5,2,8,7,8,7,5,6,5,5,6,4,6,7
4075,2,56,6,1,6,5,8,7,5,8,8,5,6,8,7,7
4081,2,46,4,1,9,7,9,10,7,NA,8,7,9,7,7,8
4093,2,68,NA,2,5,6,4,3,2,2,7,2,4,2,3,4
4176,2,33,1,2,5,1,8,8,6,5,7,5,5,2,8,9
4180,1,21,3,2,8,7,10,9,7,9,10,6,9,7,9,9
4227,1,47,9,3,3,3,2,1,1,0,0,0,1,2,0,1
4247,1,NA,NA,NA,6,6,6,8,7,7,7,7,7,4,9,8
4283,1,38,7,2,1,7,9,8,7,7,9,7,7,8,8,9
4320,1,58,8,1,10,10,10,9,7,5,6,9,9,7,10,10
4346,1,33,3,2,5,5,6,7,5,4,7,4,5,4,9,6
4366,2,43,4,3,5,4,4,2,3,3,4,1,3,1,3,2
4450,1,45,4,2,10,9,10,9,5,6,7,6,8,6,8,6
4519,2,62,2,2,8,6,9,10,6,8,7,8,7,7,8,9
4530,1,42,1,1,8,5,8,2,6,7,7,5,7,4,7,7
4565,2,55,8,1,7,6,7,8,3,5,6,4,5,7,9,10
4592,1,47,8,1,8,5,8,8,5,7,8,5,9,7,8,7
4639,1,48,10,1,6,3,3,5,3,5,7,3,6,4,7,8
4761,1,69,4,1,2,4,7,8,4,NA,7,5,6,5,5,7
4774,1,49,4,1,8,7,9,8,7,7,8,8,7,6,8,5
4827,1,40,5,3,10,9,6,8,5,5,7,7,6,4,8,4
4918,2,17,2,2,8,6,7,7,7,6,6,7,7,7,6,7
5009,2,32,10,1,7,5,7,7,8,6,9,8,8,7,9,9
5077,1,27,4,2,7,7,7,7,5,6,7,5,5,3,3,4
5110,1,23,4,2,5,5,3,2,1,NA,6,1,3,1,3,3
5164,2,66,2,1,8,7,9,10,6,6,8,6,5,7,9,6
5213,1,17,9,1,6,5,10,10,8,9,10,8,10,9,10,8
5218,2,49,9,1,7,6,8,9,7,6,8,7,9,7,7,9
5322,1,36,7,1,3,3,8,8,1,4,4,1,5,4,7,7
5330,1,20,7,1,9,5,8,10,7,8,7,7,8,8,10,10
5556,1,45,5,1,7,7,8,9,7,4,5,6,7,2,6,7
5562,2,45,8,2,8,7,9,9,5,5,6,6,8,3,9,6
5756,2,45,10,1,8,8,9,9,6,NA,7,6,10,5,8,5
5851,2,55,8,1,8,5,8,8,5,4,6,6,5,5,7,7
5854,1,55,8,1,8,6,9,8,5,6,6,6,7,7,8,9
5895,2,39,9,1,6,7,7,7,5,4,4,4,5,4,5,7
5925,1,40,10,1,8,6,8,8,3,NA,5,5,2,6,6,6
5942,2,21,2,3,4,5,6,7,5,NA,NA,5,7,6,8,8
6174,2,60,4,1,8,8,8,9,7,7,8,7,7,2,8,7
6256,1,33,5,3,3,1,7,1,1,3,5,3,3,0,5,0
6268,1,47,10,1,8,7,9,8,7,6,6,7,8,4,8,8
6286,1,63,8,1,7,6,8,8,7,NA,5,6,7,1,8,10
6361,1,61,3,4,8,8,2,7,1,0,0,1,2,5,5,7
6377,2,87,NA,1,9,9,9,8,8,NA,8,7,10,5,9,9
6415,2,29,3,2,7,7,4,2,5,5,6,4,4,4,6,4
6430,2,42,2,2,7,5,9,7,5,6,9,5,8,5,6,9
6444,1,46,NA,1,8,8,5,8,6,6,7,6,6,7,7,8
6473,2,57,5,1,7,6,7,8,5,5,8,5,7,1,6,7
6560,1,47,6,2,8,8,5,7,5,5,5,5,5,5,NA,7
6724,1,59,8,1,8,7,6,7,7,NA,7,7,4,7,7,9
6765,1,67,6,1,8,7,9,9,5,6,9,6,7,3,5,7
6784,2,26,9,2,8,8,10,10,7,8,9,7,9,4,7,6
6787,1,35,10,1,4,6,10,7,4,6,8,4,7,8,10,8
6906,1,55,1,2,8,9,8,10,5,6,10,6,7,7,6,5
6923,2,42,7,1,9,7,8,7,6,6,8,6,7,6,8,9
6932,2,42,6,2,7,10,9,5,5,NA,5,5,7,8,9,7
6934,1,19,10,2,7,5,6,4,5,8,3,7,10,3,10,5
6993,1,46,10,1,5,7,8,8,3,NA,5,3,2,2,5,7
7052,1,50,5,2,8,7,7,8,6,6,7,5,7,5,7,6
7082,2,16,9,1,6,2,8,9,2,5,8,2,4,2,6,5
7153,2,26,NA,2,5,4,8,4,3,7,6,6,2,4,4,3
7270,2,48,10,1,8,6,9,6,6,7,8,6,8,8,9,9
7334,1,68,4,1,8,8,8,9,7,6,7,8,8,9,9,9
7360,2,60,6,1,10,9,10,10,9,6,9,7,10,5,10,10
7431,2,44,4,1,7,8,9,9,5,NA,7,6,8,3,8,8
7482,1,47,6,1,9,9,10,10,3,3,5,3,7,3,9,10
7493,2,35,10,1,9,8,8,8,7,5,6,7,8,3,8,8
7507,2,41,5,2,7,7,8,8,7,8,8,7,7,7,8,9
7532,1,26,NA,1,6,7,6,8,4,4,8,5,5,2,6,5
7539,1,54,7,1,6,4,8,7,8,6,6,8,8,8,8,8
7651,2,36,1,2,7,1,6,4,5,0,5,6,5,5,4,5
7762,1,47,3,2,9,7,0,6,1,4,5,1,2,2,2,8
7781,1,67,3,1,6,4,6,8,5,6,8,5,9,6,8,10
7863,2,32,6,2,8,7,10,10,7,8,10,7,9,6,10,9
7880,1,74,2,1,8,7,10,8,7,7,8,7,10,6,8,10
7900,1,34,6,2,7,5,7,5,7,7,9,7,8,4,9,8
8105,1,76,NA,1,5,5,9,10,4,5,3,1,10,8,6,8
8172,1,39,6,1,6,6,7,7,6,5,6,5,7,7,7,8
8222,1,88,2,1,7,8,9,9,8,8,10,7,8,7,10,5
8226,1,69,7,1,6,5,10,9,8,5,6,8,10,6,7,9
8247,2,37,8,1,8,4,9,7,6,8,9,7,8,4,8,7
8285,2,NA,2,2,7,6,9,10,6,3,6,6,7,7,9,4
8286,1,21,1,4,7,6,8,10,7,8,8,7,9,8,8,5
8315,1,41,6,1,7,5,8,9,5,9,9,8,9,6,10,8
8346,1,56,7,2,5,3,4,6,2,1,4,2,3,6,6,7
8357,2,51,5,1,4,5,NA,6,NA,1,10,7,5,10,5,10
8432,2,41,10,1,8,5,8,8,6,5,7,6,6,5,7,4
8455,2,18,3,1,5,4,5,3,3,NA,3,3,5,4,9,6
8462,1,24,6,2,7,1,7,5,2,5,5,2,5,2,2,5
8477,2,73,3,1,5,8,10,8,5,6,8,5,10,8,8,10
8528,1,76,1,4,10,5,5,10,5,5,10,5,10,3,10,7
8534,1,48,8,1,8,4,6,7,4,NA,NA,3,6,5,8,8
8563,1,61,6,1,9,9,8,9,6,6,7,6,9,7,9,9
8571,1,84,3,1,7,7,5,4,5,NA,NA,5,2,6,6,6
8719,1,16,NA,1,NA,7,10,10,7,5,9,6,10,7,9,NA
8755,1,30,8,1,5,3,9,6,5,5,8,5,6,5,10,9
8887,2,47,7,3,8,6,7,7,7,NA,NA,7,6,5,7,5
8903,1,60,6,2,5,2,8,8,3,6,2,4,8,7,7,8
8948,1,17,6,1,6,3,0,0,0,NA,0,0,0,0,0,NA
9007,1,46,10,1,8,6,9,8,4,3,9,5,8,8,6,9
9143,2,48,4,1,4,6,8,8,7,NA,7,7,6,7,8,8
9149,2,59,7,1,8,7,9,8,7,7,8,6,8,4,7,8
9159,1,86,2,1,5,3,3,8,3,7,7,3,5,8,5,8
9180,2,52,5,2,5,7,6,9,6,6,7,5,10,8,9,8
9265,1,22,NA,1,6,5,8,8,0,0,1,0,3,2,0,6
9407,2,32,NA,2,4,4,8,7,4,NA,8,3,5,6,7,9
9441,2,38,3,1,7,4,8,9,6,7,8,6,8,8,10,8
9670,1,79,2,2,8,7,10,8,5,NA,10,0,8,2,5,5
9680,1,18,4,1,7,8,8,7,7,NA,9,7,8,7,8,8
9696,1,72,4,1,8,6,6,3,2,NA,6,1,0,2,5,4
9765,1,25,2,2,5,5,5,7,1,NA,5,1,5,3,5,5
9858,1,58,2,2,8,5,8,8,6,NA,8,6,6,7,9,7
9899,1,15,NA,2,10,8,10,10,10,10,10,10,10,9,9,9
9976,1,21,6,1,6,8,7,6,4,3,4,5,7,6,4,7
10020,1,17,3,2,7,8,NA,8,4,NA,7,5,7,4,8,7
10117,1,53,7,1,8,7,10,10,8,8,9,8,8,7,9,9
10172,2,38,10,1,7,7,8,6,7,5,8,7,8,6,8,8
10252,2,81,5,2,9,7,9,9,5,6,6,5,5,7,8,9
10273,2,66,10,1,8,7,10,7,9,7,9,9,10,10,7,8
10377,1,49,3,2,7,4,8,10,6,2,0,6,8,7,6,8
10497,2,45,2,1,7,4,8,9,3,NA,4,3,5,3,5,6
10571,1,32,7,1,9,6,6,8,4,9,9,3,8,4,5,8
10817,1,32,9,1,8,3,9,6,6,9,8,6,7,7,7,9
10846,1,48,4,2,7,5,9,7,6,4,6,6,6,7,8,8
10852,2,76,4,1,9,9,7,9,8,6,8,7,9,7,10,6
10945,2,20,2,2,5,7,8,6,4,5,7,5,8,8,7,8
10971,2,55,4,2,9,9,8,10,6,NA,9,6,8,8,8,9
10992,2,72,2,1,6,8,4,4,1,1,3,1,5,5,7,7
11068,2,63,1,2,7,4,8,7,6,5,8,6,6,4,6,5
11080,1,49,3,2,8,7,7,6,6,3,5,7,6,7,8,7
11088,1,NA,NA,1,10,0,10,10,10,0,1,10,10,6,10,10
11107,2,72,6,1,8,5,10,10,7,NA,10,7,10,10,7,10
11154,1,64,2,2,7,7,9,9,7,NA,5,7,8,5,7,7
11196,1,40,3,1,1,0,8,1,1,1,1,5,1,0,7,8
11203,2,55,8,2,5,5,6,7,5,NA,8,6,6,4,5,9
11247,2,23,2,2,5,6,8,9,3,3,4,5,7,4,8,5
11289,2,50,4,1,7,8,6,9,2,2,5,3,4,3,6,5
11357,2,52,9,2,8,8,9,8,7,6,7,7,9,6,8,8
11485,2,81,1,1,7,5,7,8,7,8,8,5,6,7,8,7
11567,2,47,10,1,7,6,9,9,6,7,7,7,9,8,9,9
11586,1,69,3,1,5,6,9,8,5,3,10,5,9,4,10,7
11618,2,24,NA,1,7,2,3,3,2,3,4,3,3,4,3,7
11679,1,42,9,1,8,6,9,8,4,NA,10,6,9,8,8,7
11707,1,27,2,2,8,7,9,9,8,8,9,8,9,8,8,8
11738,1,29,3,2,4,5,3,6,0,0,0,2,0,2,2,5
11775,1,71,9,2,5,5,3,3,5,5,5,4,5,3,5,5
11802,2,70,3,2,7,8,6,9,4,3,4,4,5,4,5,10
11807,2,76,3,1,8,7,6,6,5,6,8,6,5,5,6,5
11827,2,61,10,1,5,4,7,6,2,3,5,3,3,1,3,4
11987,1,36,9,1,8,6,10,9,7,5,NA,9,9,9,8,10
12024,2,50,8,1,8,8,9,9,6,8,10,8,8,8,8,8
12095,1,36,3,2,7,7,8,7,4,1,5,5,6,4,8,7
12118,2,37,9,1,8,6,8,8,7,7,7,6,8,7,7,7
12129,2,62,2,1,6,5,9,9,9,4,5,8,9,5,8,8
12180,1,32,9,1,5,7,8,9,5,7,8,5,6,3,8,9
12267,1,38,8,1,5,6,8,8,5,5,8,5,5,4,8,10
12354,1,37,6,2,7,5,9,7,7,7,8,7,8,7,8,8
12400,1,42,4,2,5,5,10,10,7,7,10,7,10,5,5,7
12453,1,57,6,1,8,8,7,6,5,5,6,5,7,7,8,8
12455,2,48,9,1,8,6,9,9,6,5,8,6,8,7,9,8
12504,1,74,3,2,3,7,8,9,0,4,6,0,0,0,2,4
12535,1,65,3,2,8,7,8,8,6,6,8,6,8,7,8,8
12561,2,36,9,1,2,3,6,7,3,5,3,4,4,0,3,2
12581,2,26,5,2,6,5,7,8,5,NA,6,4,6,5,7,6
12604,1,74,6,1,8,7,9,10,8,7,8,8,9,9,9,9
12631,2,59,7,1,8,9,5,6,6,7,8,6,8,8,8,8
12652,1,33,2,3,2,3,6,6,5,6,7,6,7,7,10,10
12704,1,36,8,1,6,3,6,8,2,NA,4,2,2,2,2,7
12899,2,21,3,1,4,3,6,9,3,5,7,4,5,7,9,8
12929,1,18,5,2,7,5,10,10,8,7,9,7,9,8,10,10
13012,2,41,3,2,8,7,7,7,6,4,8,5,7,5,7,8
13062,1,41,4,1,10,10,10,10,10,10,8,6,10,10,10,10
13069,2,43,2,4,9,7,2,2,3,5,7,5,7,8,9,8
13162,2,26,9,1,6,6,6,8,4,5,7,6,6,3,8,10
13170,1,18,6,1,8,2,7,8,6,NA,8,6,7,4,8,7
13175,2,78,5,2,7,4,8,9,4,NA,6,3,3,2,9,10
13215,1,82,2,1,10,5,9,8,7,5,8,6,8,7,7,9
13249,2,57,6,2,8,7,7,8,5,4,6,5,5,6,6,6
13317,2,NA,6,1,5,7,5,5,4,5,6,5,5,6,6,5
13340,1,27,8,2,7,3,8,8,5,5,8,4,5,6,6,8
13412,1,24,6,3,5,2,8,9,8,8,10,6,9,8,10,7
13457,2,42,7,1,8,8,8,8,7,7,9,6,8,7,10,9
13471,1,50,7,1,5,5,10,10,9,7,5,9,9,9,10,10
13518,2,21,2,2,7,3,5,8,4,7,8,6,6,6,7,7
13568,2,47,9,1,8,7,9,7,4,2,8,4,7,4,5,10
13652,2,76,4,1,6,5,8,7,5,5,7,5,7,5,7,8
13663,2,60,10,1,9,8,10,9,9,6,8,7,10,5,10,10
13669,1,56,7,1,6,6,6,6,5,6,6,5,6,7,7,8
13709,1,41,4,2,5,4,7,7,1,NA,8,2,2,0,7,6
13783,1,57,7,1,7,5,7,4,4,3,5,5,8,4,7,5
13801,1,48,6,1,8,5,9,7,5,5,8,6,8,7,7,10
13811,1,46,4,2,8,8,8,9,6,5,6,6,9,7,8,7
13848,1,79,3,1,7,7,10,10,8,7,7,8,10,3,7,6
13880,1,60,5,1,9,10,9,6,6,6,8,7,7,6,9,8
13948,1,79,3,1,4,5,9,8,5,5,4,5,8,5,8,8
14008,2,73,7,2,6,6,8,7,6,4,5,6,7,8,8,8
14010,2,68,2,1,8,8,7,8,7,5,8,8,9,9,9,8
14090,2,75,1,1,7,7,5,6,5,NA,7,5,5,5,5,7
14168,2,53,8,1,3,8,6,8,4,5,7,6,8,8,8,7
14179,1,16,3,1,9,8,6,10,9,8,10,9,10,10,10,10
14274,1,53,8,1,9,10,9,10,4,2,5,2,5,7,6,10
14358,1,58,4,2,8,7,7,7,7,6,8,6,8,7,8,9
14364,2,87,3,2,10,10,8,8,7,8,9,7,7,6,8,6
14463,1,56,4,1,4,6,1,1,1,1,2,1,0,2,1,5
14466,2,58,10,1,8,7,8,8,6,6,8,7,6,6,7,7
14475,1,70,6,2,5,8,8,8,9,7,5,9,7,8,9,10
14632,2,72,5,1,8,6,7,8,6,6,6,5,6,6,9,9
14665,2,19,NA,1,7,5,5,5,3,NA,NA,3,0,2,NA,7
14666,2,34,7,1,10,8,10,10,7,7,9,8,9,7,8,8
14675,1,55,6,1,8,8,9,9,8,7,8,7,8,3,8,8
14704,1,22,NA,2,NA,4,NA,8,8,6,8,8,9,7,9,8
14821,1,42,6,2,9,7,8,9,7,5,8,4,5,5,7,8
14846,2,22,3,3,5,3,9,9,6,8,5,8,9,6,9,8
14912,1,43,4,1,7,5,9,9,3,7,9,4,6,3,4,9
15041,2,70,3,1,7,7,8,8,5,5,6,5,6,7,7,6
15154,2,70,3,1,8,10,10,10,5,2,7,5,8,5,8,6
15228,1,64,7,1,3,5,8,8,4,1,3,3,7,6,8,10
15230,2,54,4,2,8,7,8,10,0,0,8,3,2,5,7,8
15245,1,48,9,1,8,6,8,10,4,8,8,6,6,6,7,7
15287,1,49,9,1,7,5,9,8,6,5,4,6,6,7,8,8
15289,1,75,2,3,2,6,8,7,6,6,8,6,7,5,6,8
15416,1,16,8,1,8,6,9,9,6,6,7,6,6,6,7,8
15418,1,16,NA,2,7,7,10,9,8,10,10,9,10,9,10,9
15446,2,37,9,2,8,5,9,8,7,9,9,8,8,9,10,9
15468,1,48,9,1,9,8,9,9,7,6,8,7,8,8,7,8
15500,2,34,3,2,8,7,8,8,7,NA,8,7,8,4,7,8
15554,1,39,6,2,6,6,6,6,2,3,7,2,8,1,3,6
15577,1,18,NA,1,7,7,6,8,8,6,9,7,7,7,9,8
15584,1,61,7,2,7,7,8,9,6,7,8,6,8,6,8,9
15593,1,30,3,1,8,7,5,7,2,NA,5,2,5,7,5,6
15604,1,54,7,2,8,7,9,9,8,7,6,8,8,8,9,9
15822,1,21,3,2,6,5,4,4,3,5,8,5,7,7,8,7
15827,1,62,3,1,8,9,10,10,8,7,9,7,10,7,10,9
15895,2,15,NA,2,7,6,8,9,9,7,9,8,8,8,9,9
15929,1,39,4,1,5,6,8,8,3,5,8,3,5,6,1,10
15937,2,21,1,2,7,8,7,8,7,7,8,7,7,8,8,8
16018,2,55,8,1,7,6,9,9,6,5,5,6,6,9,8,9
16047,1,31,6,1,7,4,9,9,7,7,7,7,8,7,9,8
16054,1,39,3,1,8,7,9,8,7,6,8,7,8,5,8,8
16106,2,62,6,1,7,7,5,5,3,5,6,5,5,3,5,6
16130,2,39,9,2,6,8,3,3,2,2,5,2,2,1,5,10
16172,1,62,4,2,6,5,9,9,7,6,9,5,8,7,6,6
16206,1,61,5,1,6,8,7,9,8,7,8,7,8,6,9,8
16231,2,62,2,1,6,9,9,9,4,2,7,4,6,7,8,8
16251,1,24,NA,1,10,8,7,3,3,6,9,5,5,3,7,8
16283,2,23,5,2,7,5,3,7,6,5,6,7,4,5,6,5
16320,1,29,3,3,7,2,8,4,4,7,9,4,5,5,7,6
16396,2,26,NA,2,4,4,7,7,5,NA,7,4,7,NA,7,NA
16471,2,45,6,1,7,7,7,8,4,5,8,5,6,7,8,9
16558,1,23,9,2,7,6,6,6,3,5,8,4,8,5,8,9
16584,1,35,3,2,9,7,10,10,6,NA,7,5,8,5,10,7
16603,1,62,6,2,7,5,8,8,4,NA,6,4,6,8,7,8
16608,2,62,6,1,7,7,5,6,4,7,5,7,5,8,8,9
16624,1,35,10,2,8,5,9,7,7,5,5,9,8,7,9,7
16712,2,46,2,2,3,8,1,2,5,4,8,6,9,5,9,8
16849,2,42,NA,1,10,5,8,8,7,5,8,8,8,5,9,5
16874,2,36,4,2,7,3,6,5,5,7,8,5,6,5,8,3
16925,2,53,10,1,10,8,9,9,7,7,9,7,9,7,9,10
17045,2,66,NA,2,8,8,9,9,3,4,5,4,5,6,8,8
17052,1,68,9,1,4,8,4,4,4,4,6,6,5,8,8,8
17102,2,69,5,1,10,8,10,10,8,7,7,8,8,8,10,10
17121,1,46,8,1,8,6,8,8,6,7,8,6,7,6,6,8
17158,2,44,9,1,8,9,7,7,7,5,5,6,6,4,7,8
17335,1,63,3,2,8,7,8,8,5,NA,7,6,5,2,8,7
17482,1,49,8,1,9,8,8,6,5,6,8,6,7,4,8,9
17518,1,53,5,1,7,8,7,8,1,NA,2,1,2,2,3,3
17612,1,48,7,1,7,5,8,6,7,6,9,7,9,6,9,7
17640,2,42,7,2,6,7,7,8,5,NA,9,6,6,6,7,7
17646,1,58,9,1,8,7,9,9,7,8,9,7,6,7,9,9
17652,2,36,8,1,9,8,7,6,5,6,6,4,5,4,7,6
17755,1,49,6,1,8,6,9,9,7,NA,9,7,8,5,7,8
17801,1,75,NA,2,5,7,8,8,8,8,8,8,8,7,8,NA
17903,1,32,8,1,7,4,8,8,3,5,6,3,5,7,5,7
17938,1,63,2,3,6,8,7,5,4,5,7,8,6,4,5,3
17950,1,22,6,3,5,7,8,6,3,5,7,5,6,4,3,6
18035,1,60,5,1,9,6,9,9,5,5,5,6,8,3,8,9
18090,2,61,8,1,6,5,4,4,3,2,6,3,4,6,5,7
18193,1,66,1,3,6,7,0,2,0,0,3,0,0,0,2,0
18231,2,53,3,3,5,5,5,8,0,2,2,0,1,1,7,2
18377,1,57,4,1,4,4,8,5,5,NA,5,6,8,6,9,7
18395,2,23,5,2,4,2,6,8,3,5,6,3,3,3,4,4
18491,2,67,5,1,8,5,2,3,2,NA,3,2,3,3,6,3
18628,2,54,2,1,7,6,5,6,3,5,6,3,4,6,3,5
18671,2,22,2,2,5,5,3,3,5,5,7,3,5,5,7,5
18694,2,63,6,1,6,5,9,9,6,NA,7,6,8,4,7,7
18695,2,38,1,2,NA,7,8,8,7,10,NA,8,9,6,10,5
18697,1,58,NA,2,10,10,6,6,5,7,10,5,5,5,5,8
18712,1,53,4,2,2,4,9,3,4,4,5,6,6,4,5,5
18852,2,24,6,1,7,6,7,8,6,7,9,6,7,5,5,7
18868,1,35,3,1,8,7,5,4,3,2,4,4,1,2,5,7
18898,2,50,7,2,3,7,6,6,2,3,7,4,3,7,7,7
18925,1,37,3,2,8,4,8,7,7,9,8,7,8,6,9,9
18953,1,81,6,1,7,8,5,8,2,6,3,9,3,9,6,9
18968,1,21,7,2,8,6,10,10,7,10,6,7,10,7,10,9
19126,1,68,4,1,8,5,8,8,6,6,7,7,8,9,9,9
19139,1,23,9,2,9,5,10,10,5,NA,8,5,9,5,10,7
19172,1,56,8,1,5,5,5,5,5,5,5,4,5,3,7,3
19182,2,19,2,2,5,5,10,10,9,10,10,10,10,10,10,8
19196,1,31,1,2,7,8,8,6,0,8,6,6,5,2,2,2
19200,2,55,2,3,7,7,9,9,7,5,9,6,8,3,7,4
19223,2,90,3,1,10,8,7,7,5,6,7,4,4,5,7,7
19333,1,34,5,1,8,5,8,8,6,7,9,5,9,7,9,9
19343,1,66,7,1,5,6,9,5,3,7,4,4,8,6,9,9
19370,2,37,3,1,8,6,8,8,5,NA,8,5,6,6,7,7
19371,2,27,7,1,8,8,7,8,5,5,5,5,5,1,5,7
19398,1,51,4,1,9,8,9,9,4,4,6,4,5,4,10,9
19428,2,26,6,1,8,6,9,9,7,7,7,7,9,4,9,7
19437,1,60,4,2,7,7,6,6,6,6,9,7,7,5,9,8
19480,2,33,NA,2,8,7,8,10,5,NA,10,5,10,4,10,7
19483,2,60,10,1,6,4,6,7,2,2,4,2,5,0,2,4
19625,2,27,4,3,3,4,3,6,4,3,5,4,4,4,5,2
19630,2,NA,2,1,5,6,9,9,5,NA,7,7,8,6,8,9
19642,2,23,1,1,6,6,7,7,6,6,7,6,7,7,7,7
19660,2,63,10,1,7,7,8,9,5,6,8,5,6,6,8,9
19704,2,17,6,2,6,5,9,8,7,6,9,7,9,6,10,9
19799,2,29,3,1,8,5,9,8,7,6,7,7,7,6,9,7
19832,2,60,3,3,8,5,10,10,5,3,7,7,8,6,8,8
19856,2,90,NA,2,10,10,9,10,8,NA,10,5,9,5,9,9
19995,2,41,2,NA,NA,10,NA,NA,NA,7,NA,8,10,8,6,8
20022,2,28,2,1,6,5,10,10,7,NA,7,7,7,3,9,8
20070,1,33,7,2,5,3,4,7,4,6,7,4,4,4,7,6
20119,2,36,2,2,7,5,6,6,4,5,5,4,6,5,6,5
20164,2,41,5,1,5,4,NA,10,7,7,9,7,10,5,7,8
20167,2,35,6,2,6,5,8,7,5,2,6,5,6,1,8,6
20369,1,49,5,2,9,6,9,8,8,8,9,8,8,3,8,7
20461,1,62,5,2,8,4,7,7,4,4,4,4,5,5,5,7
20466,1,26,2,2,9,5,10,10,9,5,10,9,10,7,10,5
20548,1,78,4,1,6,8,8,8,7,6,6,5,9,8,8,8
20556,1,59,5,2,7,8,9,10,8,6,5,7,10,7,10,8
20698,1,72,3,1,7,7,6,8,6,8,8,7,3,3,8,6
20741,1,58,7,1,7,7,7,7,5,6,6,5,5,5,6,7
20811,1,28,2,1,8,8,8,10,7,NA,8,7,8,7,8,8
20855,1,33,5,3,8,3,8,7,6,5,8,6,8,7,8,8
20887,1,62,9,1,7,7,6,5,5,5,6,5,7,6,8,8
21071,1,74,4,1,7,8,9,8,4,3,5,4,6,6,8,8
21178,2,47,3,2,5,7,4,5,2,3,3,2,4,6,6,7
21223,2,30,3,2,4,8,7,9,8,7,7,5,6,7,8,9
21356,1,33,7,2,5,5,6,6,3,5,7,5,7,7,9,8
21379,2,41,4,2,8,7,9,8,7,7,8,7,8,8,8,8
21427,2,41,2,2,10,7,9,9,3,5,8,6,8,6,9,6
21593,1,16,8,1,6,5,6,8,5,7,5,5,7,5,7,7
21646,2,75,2,1,10,6,5,6,2,5,6,5,5,1,7,7
21703,1,30,3,1,7,5,4,4,5,5,5,5,6,6,7,8
21748,1,23,1,3,8,3,7,10,7,7,9,6,7,7,7,7
21778,2,41,6,1,7,6,10,9,6,5,5,6,8,3,8,9
21816,2,51,8,2,8,7,8,8,6,5,6,6,7,3,8,7
21826,1,16,9,1,7,5,NA,8,6,NA,7,7,6,6,7,8
21831,1,33,10,1,7,5,9,8,7,7,7,7,7,7,8,9
21900,1,39,7,2,9,6,8,8,7,6,6,7,9,5,9,9
21926,2,68,5,1,8,6,8,6,4,5,8,4,7,4,9,10
21966,1,74,3,2,7,4,9,9,7,4,7,6,7,5,7,3
21984,1,44,5,1,8,7,5,5,0,0,5,0,0,0,5,4
22227,1,52,2,1,8,6,8,8,5,5,8,5,7,1,3,9
22258,1,42,10,1,6,4,8,8,6,5,7,6,5,5,6,7
22279,2,43,3,2,9,9,7,7,2,5,7,2,8,4,7,5
22350,1,70,1,3,5,7,3,4,1,0,6,1,3,3,2,6
22507,1,20,9,1,8,5,7,6,6,9,9,7,7,7,9,9
22532,1,67,1,3,5,9,9,9,6,1,6,7,7,0,7,3
22587,2,68,7,2,10,7,8,7,4,5,8,4,5,5,6,8
22649,2,71,5,1,7,8,8,7,6,7,8,6,6,4,7,7
22810,2,72,4,1,5,5,5,5,5,4,5,5,6,6,7,9
22910,1,60,5,1,7,5,7,6,6,4,5,6,7,6,8,8
23003,1,27,2,2,3,1,1,1,1,1,0,1,1,5,1,5
23010,1,43,4,1,8,7,10,10,3,5,6,3,6,0,2,7
23027,1,16,NA,1,8,8,8,9,8,NA,9,8,9,7,8,7
23045,1,37,6,1,8,7,8,9,4,6,4,5,7,3,8,10
23054,2,32,3,1,6,6,5,6,4,4,4,4,4,6,8,8
23062,1,71,5,1,7,7,7,9,6,5,2,6,7,6,6,7
23080,1,22,NA,2,7,4,9,9,5,5,6,5,10,7,8,2
23232,1,40,2,3,8,3,7,5,5,6,6,5,6,5,8,7
23343,1,25,2,3,5,4,4,0,0,0,4,3,0,0,2,5
23470,2,30,5,1,8,5,7,7,5,6,5,6,6,5,7,7
23477,2,43,9,1,8,7,9,9,6,5,7,6,8,5,7,7
23519,2,69,3,2,5,4,9,6,5,5,5,5,7,0,8,8
23638,1,26,6,2,6,5,5,8,2,5,7,2,3,3,7,8
23654,2,71,2,1,6,7,7,7,3,4,7,4,4,4,6,5
23671,2,19,NA,2,8,6,10,10,9,10,10,9,10,7,9,8
23691,1,35,8,1,6,5,7,5,4,5,4,4,7,2,7,8
23790,1,56,7,3,7,5,7,7,4,0,3,2,5,5,8,7
23808,1,31,8,1,7,6,7,6,4,8,8,4,7,5,8,8
23860,2,57,2,3,8,7,8,8,7,7,8,7,7,7,7,5
23892,1,NA,9,1,7,7,10,10,7,8,10,6,9,8,10,9
23907,1,62,9,1,7,8,10,6,6,7,7,7,9,3,9,8
23921,2,35,9,1,6,4,6,7,4,5,6,4,5,1,4,4
23964,2,48,10,1,8,6,10,10,5,NA,4,6,10,3,8,8
23978,1,58,NA,2,5,7,3,5,1,5,5,3,3,2,1,5
24008,1,47,9,2,3,2,1,0,0,1,3,1,1,1,3,3
24039,1,64,3,1,8,2,8,9,8,5,7,8,10,9,10,8
24074,1,63,3,1,6,7,7,7,5,3,3,5,7,7,9,9
24076,2,75,4,1,8,7,8,7,7,7,7,7,8,7,8,7
24145,1,39,6,1,8,7,9,9,6,6,8,6,7,7,7,8
24237,1,28,10,1,4,8,3,3,0,NA,5,0,0,0,0,3
24268,1,69,3,1,9,8,10,10,7,5,8,7,10,4,8,6
24307,2,18,NA,1,5,6,8,9,7,7,9,5,7,7,9,8
24593,2,79,4,1,9,8,7,10,7,7,9,7,8,8,8,8
24607,2,62,1,3,8,5,7,7,4,5,6,3,5,1,4,5
24635,2,52,4,1,9,9,10,9,8,7,8,6,6,5,9,10
24636,2,71,8,1,7,8,10,9,8,8,8,8,10,10,9,10
24838,1,44,2,2,8,7,7,7,6,6,7,6,7,5,8,6
24856,1,46,9,1,8,4,8,8,5,5,8,6,8,7,8,9
24878,1,71,5,2,8,8,9,8,6,NA,7,6,8,9,8,8
24892,2,48,6,1,9,8,6,6,5,8,7,5,8,6,6,7
24896,2,16,NA,1,7,7,7,6,5,6,7,5,7,6,9,8
24937,1,64,7,2,9,9,8,9,7,5,4,6,6,6,8,8
25108,1,43,10,1,5,7,2,0,6,NA,7,5,6,7,NA,3
25150,2,51,3,1,9,6,8,9,7,7,7,7,7,4,4,8
25209,1,60,5,2,7,7,8,8,6,5,6,5,7,6,7,8
25359,1,50,4,1,7,8,8,9,6,7,4,6,7,6,8,8
25383,1,44,2,4,7,7,2,1,1,NA,5,1,2,1,3,3
25445,2,23,4,1,8,6,9,9,7,6,6,6,8,6,9,7
25469,1,NA,5,3,7,7,7,7,5,NA,1,6,6,6,8,9
25515,1,67,6,1,7,8,10,9,7,6,8,7,9,6,8,7
25528,1,35,5,2,5,4,7,6,3,0,10,8,8,9,9,9
25561,1,19,7,1,7,7,8,10,5,NA,5,5,5,6,8,8
25613,2,16,NA,1,8,8,9,6,6,NA,7,5,NA,5,9,NA
25617,2,17,NA,1,10,8,9,9,6,NA,8,6,7,2,6,5
25668,1,60,7,1,9,9,10,8,6,5,7,5,10,6,8,10
25719,1,25,6,1,6,7,9,9,7,NA,8,7,7,6,9,8
25762,2,22,NA,1,9,7,9,10,9,6,9,9,9,8,8,8
25843,2,40,5,1,7,5,7,8,6,7,8,8,8,4,9,10
25895,1,36,6,1,9,7,8,7,8,7,9,8,9,2,8,9
25902,1,75,7,1,8,7,8,8,6,5,6,5,8,4,7,7
26035,2,39,6,3,7,5,7,8,4,7,8,5,4,7,5,7
26073,1,54,6,3,4,7,5,8,5,NA,7,5,5,5,4,7
26088,2,63,4,1,7,8,9,9,7,4,8,8,9,2,6,8
26111,1,52,9,2,7,3,8,8,5,1,8,5,7,5,8,7
26138,2,15,4,2,5,5,7,7,6,NA,7,6,7,7,7,8
26165,2,47,8,2,8,7,10,10,6,8,8,5,8,6,7,8
26214,1,35,8,1,8,5,7,7,5,3,8,5,5,5,8,10
26326,2,80,4,1,8,8,7,8,4,3,4,4,6,4,6,8
26334,2,53,6,1,7,5,7,5,5,6,6,5,6,4,7,8
26347,2,49,3,1,7,5,9,10,6,5,10,5,7,3,5,8
26377,2,24,8,3,9,7,8,10,8,8,10,6,10,8,8,7
26452,1,66,1,2,5,5,10,8,5,5,8,5,5,3,8,5
26493,1,55,8,1,8,6,8,7,6,5,7,6,9,1,7,9
26501,1,53,10,1,7,6,9,6,5,8,9,5,8,3,4,8
26528,1,58,9,1,9,6,10,10,8,6,10,8,10,8,9,9
26552,1,35,6,1,8,7,8,7,6,6,7,7,6,3,7,4
26561,2,49,3,1,7,6,8,9,7,7,8,7,8,7,8,7
26645,1,58,9,1,7,7,8,8,6,6,8,6,7,7,7,9
26804,1,77,5,1,8,8,8,6,5,5,5,5,5,5,6,6
26819,1,85,2,1,6,9,7,9,3,NA,7,4,4,1,6,NA
26852,1,22,3,1,6,5,10,10,9,9,10,9,10,9,9,9
26865,1,23,1,2,10,6,8,9,7,NA,8,7,8,8,8,9
26873,1,21,8,1,8,8,9,9,8,8,8,9,9,8,9,8
26877,2,16,7,2,10,10,8,9,7,NA,10,7,5,8,7,9
26882,1,26,3,2,6,7,8,10,5,6,7,7,6,7,8,7
26905,2,48,3,1,7,6,8,8,6,NA,3,7,7,3,8,6
26978,2,34,5,2,1,6,8,10,5,5,7,6,8,4,7,9
26988,2,29,4,2,7,7,3,3,2,3,2,2,2,2,3,4
27015,1,65,8,1,8,9,8,8,7,6,7,7,7,7,8,10
27016,2,25,3,2,7,7,5,6,9,7,6,4,8,6,9,6
27036,1,56,8,1,9,8,8,9,7,4,6,7,8,8,8,8
27175,1,41,7,2,7,5,7,7,4,4,6,3,4,5,5,7
27226,2,31,3,2,7,3,8,9,6,4,9,5,8,4,7,4
27245,1,31,3,2,7,8,8,6,5,NA,7,6,6,7,9,8
27313,1,60,3,2,8,8,8,8,5,5,6,6,7,6,8,8
27444,1,35,3,3,6,2,10,9,4,7,4,4,9,6,9,4
27480,1,47,6,2,6,6,8,8,6,NA,8,5,7,6,7,8
27579,2,29,6,1,8,6,6,4,6,2,6,6,7,3,7,9
27585,1,29,4,1,8,8,10,10,7,8,8,5,9,7,10,8
27620,2,53,2,1,8,5,8,8,7,NA,9,7,7,5,8,7
27701,1,NA,7,1,5,6,9,8,4,NA,6,4,7,8,8,7
27702,1,38,10,1,7,6,8,8,7,5,5,8,8,8,5,8
27931,1,19,1,2,5,4,8,9,5,8,10,4,7,5,7,7
27947,2,NA,5,1,9,7,9,9,7,6,8,7,9,6,9,7
27949,1,34,3,2,10,10,6,10,10,6,10,10,10,7,10,10
28132,2,72,2,2,9,5,10,9,6,7,9,7,8,7,7,8
28177,1,60,5,1,8,5,5,6,7,7,8,4,6,4,6,9
28200,1,46,3,1,8,6,8,10,5,5,10,5,7,6,8,7
28240,1,32,5,1,6,4,7,8,1,2,8,2,2,4,2,9
28293,1,25,NA,1,7,6,8,8,6,NA,NA,6,8,7,7,8
28371,1,33,8,1,8,8,10,10,7,NA,NA,7,7,2,5,8
28427,1,58,7,1,7,5,9,8,6,7,7,6,8,4,6,9
28551,2,55,2,2,2,5,5,5,5,7,5,5,7,7,3,8
28578,1,32,6,3,7,7,7,7,5,2,7,5,6,5,7,9
28635,2,44,7,1,7,7,8,8,6,7,8,6,7,7,8,8
28675,2,80,NA,1,0,9,8,8,6,8,9,6,7,5,6,9
28676,1,17,NA,2,9,9,3,5,5,NA,7,5,4,7,10,5
28678,1,23,8,1,5,7,7,6,5,5,5,6,6,5,8,6
28758,2,71,6,2,7,7,8,8,6,6,7,6,8,8,8,7
28760,1,68,2,2,9,6,7,7,5,2,6,6,4,4,9,8
28770,2,19,9,1,6,5,7,8,6,7,8,6,5,6,8,6
28773,1,40,5,1,8,7,7,7,7,NA,8,6,7,9,8,7
28796,1,66,6,1,5,3,7,7,2,2,5,2,6,3,5,4
28818,1,NA,6,1,8,7,6,4,5,6,8,6,7,8,9,9
28888,1,86,8,1,8,8,8,7,8,7,6,7,8,8,8,8
28926,2,71,4,1,9,8,8,8,7,7,9,7,10,5,9,8
29002,1,56,5,1,7,7,7,7,2,1,5,2,7,7,9,9
29015,2,79,2,2,8,7,7,7,5,2,6,5,5,3,6,8
29016,2,18,4,2,4,6,5,5,4,5,5,5,5,5,5,5
29019,1,43,10,2,7,7,8,9,5,NA,6,5,6,4,6,7
29081,1,18,10,1,8,5,7,9,7,7,9,6,8,8,9,9
29145,2,30,8,1,6,7,6,7,3,5,7,3,4,4,5,7
29151,1,35,6,1,9,7,9,7,6,3,7,7,8,2,8,8
29163,1,44,6,1,9,6,9,9,8,NA,8,7,9,6,7,8
29221,2,33,8,1,8,8,9,9,8,8,9,8,8,7,8,9
29242,1,43,NA,1,8,5,6,7,4,3,5,4,7,7,8,7
29247,2,27,4,2,6,3,10,8,8,NA,10,9,10,7,7,7
29361,2,50,4,2,9,9,8,8,4,3,9,4,6,5,9,10
29445,1,46,8,2,NA,NA,NA,7,7,4,3,8,8,9,8,9
29464,2,66,2,2,8,6,8,10,8,8,9,8,7,8,9,8
29500,1,34,8,1,8,9,10,10,8,9,9,8,9,8,10,9
29573,1,65,5,1,10,8,10,10,9,NA,10,10,10,9,10,10
29588,2,65,7,1,9,5,8,6,6,5,10,5,8,5,8,6
29589,1,74,NA,1,4,6,3,4,0,NA,7,3,3,3,NA,5
29596,2,21,10,1,4,7,8,8,4,NA,6,4,8,7,8,8
29719,1,63,5,1,8,6,8,8,6,5,8,5,6,7,7,9
29721,1,64,10,1,9,5,9,7,7,NA,NA,7,9,7,9,9
29722,1,36,2,3,5,6,8,6,3,NA,8,3,7,4,1,5
29727,1,70,4,1,8,6,9,8,6,NA,5,6,8,5,8,8
29949,2,62,9,2,7,5,8,7,6,6,7,5,8,5,5,5
29956,1,67,2,2,5,5,5,5,1,2,3,1,5,3,4,7
30030,1,66,10,1,6,2,9,6,3,5,8,3,8,5,7,8
30078,2,40,6,1,6,6,8,8,7,6,6,7,8,7,7,7
30086,2,17,NA,2,0,0,3,3,2,3,4,3,3,2,4,4
30113,1,30,9,2,8,7,9,9,6,6,8,6,7,7,8,7
30117,2,47,8,2,2,1,8,5,2,NA,6,8,9,7,10,9
30139,1,75,3,1,8,8,5,6,5,5,6,5,5,7,7,8
30177,1,56,6,1,8,6,8,9,5,5,9,4,8,7,9,9
30367,2,57,2,2,9,5,3,3,3,1,1,3,4,6,5,5
30374,2,17,10,1,3,7,8,8,7,NA,7,7,6,6,10,7
30424,1,52,4,1,10,10,7,10,8,NA,NA,10,8,8,8,10
30541,1,54,9,1,8,4,10,10,9,8,8,8,9,7,8,7
30638,1,40,8,2,5,3,3,2,2,NA,7,2,3,1,3,4
30777,2,44,7,2,9,7,9,9,7,NA,9,7,9,6,8,7
30867,1,55,6,1,6,4,8,8,7,5,7,7,7,5,7,7
30984,2,59,5,1,5,5,5,7,0,3,8,1,2,5,3,5
30988,1,50,4,1,9,8,9,9,3,7,8,3,4,4,9,10
31000,2,26,1,2,9,4,10,10,8,NA,8,8,9,8,8,8
31087,2,62,5,1,8,5,2,1,1,NA,NA,2,2,3,4,3
31094,1,59,8,1,3,6,5,7,4,5,5,3,4,7,6,7
31120,1,77,4,2,9,8,5,7,2,3,3,2,3,3,4,5
31158,2,67,NA,1,8,8,9,8,6,5,5,5,6,5,9,7
31183,2,24,8,3,5,5,9,10,4,6,8,4,8,4,6,4
31204,2,32,6,1,6,7,7,9,6,NA,8,8,8,4,9,6
31231,2,30,10,1,7,3,10,9,3,7,7,3,7,4,8,8
31340,2,65,NA,1,10,5,9,8,6,5,7,7,7,5,10,8
31393,1,54,10,1,6,5,9,9,5,7,7,4,7,6,8,8
31476,2,47,2,2,8,8,10,10,5,5,5,5,10,10,10,8
31584,2,57,6,3,7,9,8,8,5,8,8,5,8,5,8,5
31604,2,55,2,2,5,7,10,7,7,7,9,8,8,7,10,8
31665,2,54,9,1,7,7,7,8,6,5,8,6,8,7,7,7
31704,1,47,6,1,8,6,9,7,5,8,8,7,7,7,7,9
31768,1,39,6,2,7,2,8,6,4,5,8,5,7,4,9,NA
31789,2,27,2,2,5,5,6,7,2,NA,6,2,3,4,4,5
31805,1,40,3,3,7,7,8,7,7,6,5,7,9,7,9,8
31808,2,19,2,3,1,4,8,8,4,4,5,4,6,6,10,9
31814,2,71,3,1,7,6,4,6,4,4,3,4,4,4,6,9
32030,2,68,7,1,8,6,9,9,5,5,8,8,9,7,9,8
32038,1,57,10,1,4,2,4,10,0,4,7,0,3,7,3,4
32048,2,NA,3,3,5,5,NA,5,3,5,NA,4,5,6,6,6
32231,1,52,8,2,2,1,5,7,3,5,5,5,4,5,7,7
32253,1,42,5,2,10,9,9,9,8,6,9,7,8,5,7,8
32261,2,62,10,1,7,6,9,7,7,7,10,7,9,5,8,9
32342,2,28,5,2,8,8,10,10,5,8,8,7,10,6,10,7
32612,2,54,3,1,10,10,10,10,7,10,10,5,8,8,10,7
32804,1,19,10,1,6,8,10,10,8,8,8,8,10,8,9,8
32902,1,58,4,1,8,9,9,9,8,7,7,8,9,8,10,10
32928,2,15,9,1,8,9,6,6,6,9,9,7,7,7,9,9
32988,1,60,7,1,9,10,10,9,3,6,7,3,7,6,10,10
33019,1,53,NA,1,7,5,9,9,5,NA,5,7,8,8,7,5
33119,1,51,8,1,6,6,8,7,5,7,8,6,9,6,7,8
33126,1,54,10,1,8,8,10,10,8,8,10,8,10,8,10,8
33168,2,53,7,2,7,7,8,6,6,6,7,6,6,5,9,8
33177,2,19,NA,NA,9,6,NA,10,7,NA,8,NA,10,NA,NA,NA
33187,2,27,6,2,8,8,7,8,0,5,8,2,3,3,6,8
33222,2,73,1,1,7,5,0,2,2,5,10,2,2,NA,NA,3
33268,1,55,7,1,7,8,7,9,5,6,8,6,8,7,8,9
33285,1,34,8,1,7,6,7,7,3,3,5,3,4,5,3,7
33431,1,20,3,3,4,2,5,4,2,2,4,5,6,1,5,5
33508,1,25,2,2,5,6,9,10,6,NA,7,4,7,5,7,7
33647,2,47,9,2,9,8,7,9,6,7,7,5,7,6,8,7
33770,2,73,3,2,8,8,8,5,0,NA,5,0,3,3,3,6
33788,1,21,10,1,7,5,7,8,5,8,10,6,5,5,7,6
33856,2,29,8,2,6,3,7,3,3,9,10,3,6,3,3,4
33864,2,70,NA,1,9,10,8,8,6,8,10,8,7,9,10,8
33870,2,35,4,1,5,5,6,6,5,5,7,7,5,4,5,5
34247,1,51,9,1,7,7,9,8,6,6,7,6,7,7,8,9
34294,2,68,5,1,10,9,10,10,8,8,10,8,8,5,10,7
34340,2,66,4,1,7,5,8,10,5,0,0,5,10,8,6,10
34369,1,34,9,1,7,7,7,8,5,6,8,5,6,5,7,8
34391,1,40,3,1,4,4,7,7,3,2,7,4,5,NA,5,NA
34425,1,39,10,1,9,5,9,7,3,3,5,3,5,5,3,7
34429,1,79,7,1,9,10,10,10,8,NA,9,8,8,9,9,10
34470,2,80,2,1,10,9,9,9,7,5,8,5,6,6,5,8
34491,1,53,5,1,5,7,7,9,5,8,9,5,7,6,8,7
34551,1,69,5,1,8,7,7,8,7,6,7,6,8,6,8,8
34590,1,66,9,1,7,7,9,9,8,7,8,8,9,5,9,10
34616,2,42,2,3,6,7,8,8,7,5,8,NA,7,9,9,9
34673,1,61,6,1,5,3,8,7,6,5,5,7,7,8,7,10
34712,1,62,4,1,5,4,8,7,5,5,8,5,7,5,9,9
34779,1,16,9,1,9,8,3,5,0,NA,1,2,2,1,1,6
34842,2,17,NA,2,5,10,5,3,NA,NA,NA,5,NA,5,9,3
34852,1,16,NA,1,7,4,NA,10,9,9,10,10,10,8,8,10
34859,1,22,NA,1,7,5,8,8,6,6,7,6,7,6,6,7
34891,1,39,4,2,4,5,8,8,2,3,3,3,3,3,3,7
34913,2,71,1,3,8,2,8,8,6,5,1,8,8,1,8,2
35080,2,19,2,3,7,7,5,8,2,NA,NA,2,5,4,7,9
35097,1,36,7,1,5,8,10,10,6,5,10,6,10,5,8,6
35148,2,70,8,1,9,7,8,9,7,7,7,7,8,8,9,8
35189,1,68,3,3,4,2,6,4,4,0,2,4,4,0,6,1
35211,2,46,4,2,4,6,5,6,4,NA,6,4,6,5,6,6
35251,1,25,4,2,2,4,6,4,2,5,6,5,6,4,7,8
35263,1,53,3,1,7,7,6,7,4,4,5,4,4,6,6,8
35319,2,NA,2,3,5,7,8,10,5,3,4,3,7,4,4,4
35392,1,51,7,1,7,5,9,7,6,5,7,5,8,6,9,10
35426,1,62,5,1,9,8,4,6,2,1,1,1,0,2,4,8
35440,2,58,8,1,7,7,9,8,7,7,8,8,8,5,9,8
35444,2,49,1,3,7,7,7,8,6,7,7,6,8,6,6,8
35448,2,55,4,1,7,8,5,5,5,4,6,4,6,5,7,7
35508,2,52,4,3,7,7,7,4,4,5,6,4,7,5,5,5
35594,2,21,2,2,5,7,10,8,5,NA,10,5,8,3,5,5
35664,1,45,5,1,7,7,9,8,7,5,7,7,8,5,8,10
35666,1,40,10,1,7,6,8,10,7,7,8,7,8,6,9,8
35698,2,67,4,1,10,8,8,8,5,6,6,5,8,2,5,5
35703,1,41,7,1,8,8,9,9,7,5,7,7,8,9,9,10
35753,2,70,2,1,8,8,8,8,4,NA,8,5,8,4,5,10
35802,1,23,4,2,3,4,6,7,4,2,5,4,3,4,5,5
35804,1,32,7,1,9,8,9,8,6,7,9,7,8,5,8,7
35836,2,29,5,3,5,5,NA,10,3,5,5,3,5,7,7,8
35882,2,73,2,2,9,9,9,9,7,8,8,8,8,7,9,9
35910,1,65,6,1,5,2,3,4,3,NA,4,2,3,4,5,6
35916,1,70,4,1,8,6,8,9,5,NA,9,7,8,3,9,7
35939,1,58,7,1,8,7,9,9,6,6,9,6,8,6,7,7
36028,1,32,2,4,9,7,10,10,6,5,7,6,7,7,8,9
36175,1,43,10,3,3,7,5,7,0,0,5,1,0,2,0,0
36191,2,69,4,1,7,7,3,4,3,NA,3,3,3,6,6,7
36231,1,25,NA,2,7,7,7,10,7,7,7,7,7,7,7,7
36268,1,59,7,1,9,9,9,8,3,5,8,2,9,7,10,7
36275,2,77,2,1,9,9,7,8,6,7,8,6,9,7,9,10
36329,2,68,9,1,9,9,9,8,6,4,5,6,8,2,4,4
36367,2,30,2,2,8,5,9,10,6,8,9,7,8,8,8,8
36633,1,49,3,2,7,2,9,8,5,5,5,5,9,6,8,9
36734,1,54,5,1,7,7,8,8,7,6,6,8,9,8,8,8
36780,1,70,4,1,7,6,8,8,6,3,6,5,7,7,7,8
36786,1,NA,4,2,8,7,7,8,5,2,4,5,4,6,5,4
36830,1,30,7,2,5,8,10,10,10,5,5,8,10,8,9,10
36835,2,19,3,2,6,4,7,7,6,8,7,5,8,5,8,7
36842,1,54,5,3,9,10,NA,NA,5,NA,2,3,4,1,3,4
36858,2,26,6,1,6,5,5,8,3,3,5,3,5,6,5,8
36937,1,50,10,2,8,6,4,8,3,NA,8,2,9,5,8,7
36952,1,45,9,1,3,5,3,5,2,3,3,2,2,0,3,8
36987,1,25,5,1,8,7,6,10,7,7,10,8,10,7,10,8
37028,2,18,NA,4,7,5,0,3,6,2,8,5,5,1,2,1
37054,2,67,NA,1,7,8,7,7,5,NA,NA,6,4,4,6,4
37057,2,45,3,1,7,2,8,8,3,NA,8,4,4,3,7,8
37108,1,40,6,1,7,7,4,8,2,NA,5,2,6,6,5,6
37125,1,49,4,1,6,6,9,10,7,5,8,7,8,7,8,6
37135,2,15,10,1,8,4,9,8,9,NA,8,9,9,8,8,9
37146,2,47,6,2,5,6,2,8,0,NA,6,0,2,3,1,5
37232,2,49,8,1,7,6,7,8,5,7,8,5,6,7,7,8
37351,1,42,6,2,8,7,8,7,6,6,6,6,8,3,8,8
37371,1,56,3,2,10,8,10,10,7,8,10,7,8,10,10,10
37390,1,25,6,2,8,9,7,8,7,8,8,8,8,5,9,10
37398,1,49,8,1,7,5,7,7,6,2,5,6,6,8,8,9
37413,2,42,8,1,9,7,9,9,7,8,8,7,9,7,8,7
37423,1,48,7,1,8,7,9,9,6,5,5,6,7,5,7,8
37476,1,18,1,1,7,5,6,5,5,NA,7,4,7,5,7,6
37501,1,70,3,2,10,10,4,4,4,5,6,4,4,6,8,10
37519,2,54,6,1,8,6,8,7,6,6,6,6,8,7,7,6
37552,1,65,5,1,7,6,5,5,5,6,8,6,5,5,7,6
37561,1,NA,NA,1,9,9,7,9,7,8,8,7,7,8,8,8
37591,2,49,5,1,6,5,5,1,5,5,7,5,7,7,7,7
37625,2,40,10,1,8,9,9,9,5,5,8,7,7,7,9,8
37633,2,NA,3,2,5,10,7,8,8,10,9,8,7,8,4,5
37643,1,72,7,1,8,8,6,5,5,5,4,7,8,5,8,5
37656,1,81,6,1,8,8,9,5,6,8,9,NA,7,5,9,8
37723,2,26,7,1,7,6,9,9,7,7,6,7,8,9,9,10
37724,2,56,9,1,7,7,8,8,5,8,8,5,6,6,6,6
38243,2,28,9,1,7,8,7,9,4,5,7,3,6,4,5,8
38295,1,50,2,3,9,9,8,9,5,7,8,5,8,8,7,8
38306,1,22,8,1,8,3,7,7,5,8,7,4,7,7,8,8
38403,1,47,8,1,7,7,10,10,8,6,7,8,10,5,9,7
38426,1,NA,1,3,3,5,8,9,5,5,5,5,7,7,10,7
38427,2,75,5,1,6,7,10,9,6,7,8,7,8,7,5,8
38634,1,30,8,2,7,7,4,4,2,7,2,5,7,4,7,8
38720,1,53,5,2,8,8,9,7,4,0,7,4,6,2,8,8
38779,2,80,1,2,9,7,7,7,7,7,7,6,9,8,9,8
38799,1,NA,7,1,9,9,9,8,8,7,7,7,9,7,9,9
38844,2,67,6,1,8,7,5,7,4,4,6,3,7,7,7,9
38906,2,NA,6,2,7,6,7,7,7,6,7,7,6,7,8,8
38925,1,49,5,1,5,4,9,6,6,NA,8,6,7,2,9,8
39005,2,54,10,1,8,7,9,9,5,7,8,5,7,8,5,9
39025,2,40,NA,2,2,2,NA,6,4,4,NA,4,9,7,9,8
39050,2,25,2,2,7,5,9,9,7,9,10,8,7,4,6,9
39069,1,53,4,1,8,7,9,9,6,7,7,5,10,8,9,10
39072,1,74,2,2,5,5,3,3,2,2,4,2,2,2,5,9
39113,2,42,7,1,6,4,7,7,6,NA,7,5,4,3,5,7
39144,2,59,10,1,8,5,10,8,9,7,8,8,10,7,10,7
39157,2,66,NA,1,7,7,7,7,6,NA,NA,7,8,4,7,NA
39375,1,30,7,1,9,5,9,9,5,6,7,5,9,7,10,5
39500,1,19,3,2,6,4,8,8,4,NA,8,6,7,7,9,7
39537,1,38,10,1,7,7,9,10,6,4,8,5,8,7,7,10
39563,1,29,4,1,7,5,9,10,7,6,9,7,8,7,10,10
39568,1,50,5,2,4,4,5,4,2,1,3,2,3,6,4,6
39616,1,34,8,1,7,3,8,5,4,0,4,6,3,3,5,9
39633,1,72,7,2,5,4,9,9,6,NA,9,8,9,8,9,9
39686,2,40,7,1,8,7,7,7,6,6,6,6,7,6,8,7
39768,1,24,NA,1,6,2,10,8,5,5,5,4,5,2,5,9
39777,1,51,7,2,6,3,6,4,2,1,8,2,7,1,7,10
39902,1,NA,7,1,7,5,9,6,4,5,7,4,8,3,7,10
39969,1,75,3,1,7,6,8,9,6,7,8,6,6,8,6,8
39989,1,28,1,3,8,4,8,8,6,NA,NA,7,8,8,7,10
39990,1,21,5,1,6,7,9,10,3,NA,7,4,7,5,8,7
39993,2,45,10,1,6,6,4,5,4,3,6,4,4,4,6,7
40017,1,72,5,1,7,7,9,10,8,7,7,7,9,9,9,9
40154,1,26,6,1,5,6,9,7,3,2,6,4,5,6,6,8
40179,2,22,1,2,8,6,10,10,7,7,8,7,9,7,8,7
40194,2,43,NA,1,8,9,6,7,4,5,4,4,6,NA,7,7
40245,1,48,9,2,8,7,9,8,7,6,7,8,9,8,9,9
40250,2,17,NA,2,10,5,8,10,5,6,5,8,8,5,8,6
40258,2,77,1,2,5,6,9,8,6,5,5,6,9,9,8,9
40290,1,79,6,1,10,10,10,10,8,9,9,8,10,8,9,9
40305,2,19,4,1,8,8,10,10,6,8,10,7,9,7,9,7
40314,1,73,6,1,8,6,10,8,6,5,6,6,8,7,8,8
40331,1,49,10,1,8,7,8,9,7,NA,9,7,9,6,9,8
40334,1,24,8,1,8,5,8,8,1,5,5,4,6,3,5,8
40344,1,39,4,2,6,5,8,8,8,8,8,8,8,6,5,6
40381,1,64,5,1,8,6,7,8,6,NA,8,7,7,8,9,8
40383,1,35,2,1,10,1,10,10,6,NA,7,3,10,9,10,9
40391,1,37,6,3,6,6,4,5,5,6,6,4,6,4,5,6
40425,1,47,10,1,8,6,8,9,5,5,2,5,7,6,5,9
40509,2,44,1,3,4,6,7,8,9,5,10,5,7,3,4,2
40511,2,21,2,2,7,4,3,6,3,5,5,3,3,1,3,5
40513,1,23,8,1,4,4,3,2,3,4,4,3,2,2,2,4
40557,1,33,3,2,4,3,7,7,5,5,8,5,6,5,8,10
40579,2,18,NA,2,9,10,NA,10,10,NA,10,NA,10,NA,10,NA
40689,1,39,8,2,5,5,5,6,4,4,6,4,4,4,6,6
40880,2,36,8,1,7,5,8,7,6,4,5,5,8,5,8,8
40902,1,65,8,1,7,4,10,10,5,5,10,5,8,9,10,9
40913,2,42,10,1,9,7,8,8,7,NA,8,6,8,6,8,9
40969,1,72,4,1,8,8,8,8,7,6,6,7,8,7,7,7
40974,2,51,NA,1,6,5,7,8,4,NA,7,5,5,5,5,5
41005,1,79,4,1,7,7,7,8,2,5,5,4,5,7,9,8
41029,1,70,7,1,6,7,6,7,5,4,6,6,7,6,8,7
41149,2,35,8,1,5,7,6,9,4,8,8,6,9,5,9,8
41247,2,29,8,1,7,6,9,9,5,6,7,5,8,3,6,6
41256,1,48,10,1,8,8,10,10,7,7,10,5,10,9,8,10
41334,2,50,2,1,7,6,5,5,4,4,3,4,5,7,5,7
41346,2,17,NA,NA,9,3,8,8,7,9,9,7,9,7,9,7
41547,2,24,6,1,7,6,10,6,3,NA,7,3,7,7,10,4
41581,1,38,9,1,9,5,10,10,6,10,10,6,10,8,10,8
41609,2,74,5,1,7,8,9,9,4,2,4,5,4,5,7,9
41653,1,34,6,1,9,7,7,7,1,1,5,1,3,3,5,8
41697,2,66,7,1,9,8,9,8,8,NA,7,7,9,5,9,8
41721,2,28,5,2,9,7,8,8,7,7,7,7,8,5,8,8
41727,1,40,10,2,8,7,7,8,6,6,8,5,8,7,7,9
41729,1,57,3,1,7,8,2,6,5,4,7,5,7,2,3,8
41862,2,44,9,1,7,6,9,9,6,6,8,6,8,2,9,7
41872,2,38,3,2,7,3,2,4,1,NA,5,1,3,2,3,4
41943,2,48,4,1,8,7,7,7,6,5,6,5,7,7,8,7
41947,2,54,9,1,7,7,9,9,8,9,9,7,9,7,8,8
42001,1,55,2,2,8,9,8,10,7,NA,7,7,7,8,9,9
42161,2,90,1,1,8,8,8,9,6,2,7,5,8,6,7,5
42172,2,63,2,3,6,5,5,6,4,3,5,4,3,2,6,3
42227,2,83,2,1,10,10,8,10,9,NA,8,8,8,10,8,10
42289,2,38,10,1,7,4,5,7,4,5,5,4,6,6,7,6
42290,1,47,6,1,8,4,10,8,7,8,9,8,9,2,9,7
42302,2,17,NA,2,10,9,10,10,9,NA,10,9,10,10,10,10
42336,1,NA,5,2,6,7,7,4,5,3,4,4,7,5,5,6
42337,1,50,4,1,8,5,8,8,5,NA,NA,5,8,8,10,10
42372,1,20,NA,2,8,5,6,7,3,5,6,4,4,5,6,8
42430,2,45,7,2,8,5,9,8,4,6,8,6,9,3,6,9
42455,1,58,2,2,3,7,7,8,3,4,5,3,6,2,6,5
42488,1,24,1,2,7,9,9,9,7,7,8,7,9,8,10,8
42534,2,33,10,1,9,9,9,10,8,7,8,8,8,1,8,5
42548,2,54,10,2,9,5,9,6,6,7,7,6,7,5,8,7
42604,2,19,7,1,5,5,9,8,6,8,9,6,9,6,6,8
42634,1,90,8,1,8,2,10,8,4,8,8,7,0,8,8,8
42670,1,61,8,1,7,7,7,9,5,NA,6,5,5,7,7,7
42697,2,29,NA,2,9,8,8,10,6,6,7,6,6,3,NA,10
42745,1,60,7,1,8,9,8,9,6,5,7,6,7,8,9,9
42795,2,52,3,2,8,8,8,8,7,6,8,6,8,8,8,8
42906,1,47,5,2,3,6,0,6,6,8,5,7,7,8,5,5
42959,1,66,8,1,7,7,8,8,7,7,7,6,8,6,7,9
43010,2,55,10,1,7,9,9,9,6,8,9,6,8,6,9,10
43069,2,44,9,2,9,6,8,9,7,5,5,7,7,6,9,7
43080,1,29,10,1,5,6,9,9,5,8,9,3,6,6,8,10
43376,1,48,10,1,7,7,8,8,7,6,7,7,7,5,8,8
43415,1,65,7,2,7,6,4,9,4,4,5,8,4,6,8,7
43416,2,15,NA,1,9,9,9,10,9,8,10,8,10,7,7,7
43432,2,17,4,1,8,5,6,5,4,4,5,4,5,7,6,10
43485,1,48,6,1,7,8,10,9,6,5,8,6,9,6,9,10
43560,1,52,6,2,10,6,9,7,6,6,6,5,7,5,7,9
43600,2,45,8,1,9,9,9,9,7,6,8,8,9,6,9,9
43656,1,71,1,3,8,8,8,6,1,1,4,2,2,6,2,8
43662,2,45,5,1,5,5,9,9,8,8,9,8,9,8,9,10
43688,2,28,7,1,8,8,10,10,9,8,8,8,10,7,8,9
43707,1,78,3,2,9,5,8,5,4,5,7,4,5,8,9,9
43803,2,39,8,1,8,8,9,8,5,NA,6,5,6,4,8,6
44396,2,24,8,1,7,8,8,10,6,8,8,6,6,6,5,7
44461,1,16,8,1,7,3,10,9,8,4,10,8,10,7,10,10
44472,1,55,7,1,4,6,6,7,5,4,7,3,6,6,6,7
44484,1,74,5,1,8,8,8,8,5,6,6,5,8,5,8,8
44488,1,75,7,1,7,5,8,8,6,6,7,6,8,7,9,8
44489,1,53,6,1,10,8,9,8,2,4,5,2,5,1,6,6
44637,1,42,8,1,7,9,10,10,6,8,9,6,8,7,9,6
44665,1,64,3,1,0,1,5,5,2,2,2,2,3,5,6,10
44795,2,37,6,2,5,7,8,5,5,NA,NA,5,8,6,8,8
44892,2,62,3,2,5,7,4,4,4,4,7,4,7,4,5,6
44955,1,28,2,3,4,2,7,6,4,5,8,6,8,3,8,3
44996,1,46,4,1,8,8,10,10,3,2,5,3,7,5,5,9
45030,1,28,6,1,8,7,6,6,4,4,6,4,7,3,7,8
45046,1,51,7,1,7,6,9,8,5,3,5,7,9,8,8,5
45050,2,18,NA,1,7,4,5,8,5,6,6,3,6,4,8,3
45071,1,65,8,1,8,8,7,7,5,2,5,5,6,1,8,9
45104,1,19,10,1,3,0,NA,10,5,NA,10,7,10,4,10,10
45152,1,43,10,1,7,7,9,7,7,7,7,8,8,5,8,9
45155,1,17,3,2,7,4,4,8,5,7,8,6,7,6,6,7
45206,1,32,8,1,1,1,8,8,2,NA,5,6,6,4,10,3
45236,1,69,4,1,8,8,8,9,5,4,7,4,7,6,7,7
45239,1,58,2,1,8,7,6,6,6,6,6,6,6,6,5,8
45264,2,44,6,1,5,6,10,10,8,8,9,8,9,7,10,6
45319,2,20,3,2,7,3,6,7,6,7,7,3,5,6,8,8
45337,1,38,2,1,7,7,9,10,6,5,7,5,8,4,9,9
45368,1,25,3,4,6,8,5,6,4,3,5,3,4,5,8,8
45389,1,49,8,1,7,5,7,9,3,6,9,4,4,4,7,7
45400,2,48,9,1,8,6,9,8,6,4,6,4,8,5,8,8
45408,1,23,NA,1,10,3,7,7,5,NA,7,5,6,6,4,9
45485,1,19,NA,1,7,6,10,10,9,9,10,7,10,8,10,10
45610,2,42,6,1,7,6,8,9,5,NA,8,6,7,7,9,6
45636,2,17,NA,1,7,8,9,9,6,6,9,6,9,7,9,8
45734,2,47,6,1,5,5,7,1,4,6,6,4,5,6,8,6
45839,2,50,4,2,8,5,8,9,4,3,6,4,6,4,7,4
45844,1,19,4,1,3,4,9,9,5,3,6,5,6,5,7,4
45854,1,18,NA,3,5,7,9,10,5,7,8,4,7,7,7,9
45900,1,38,8,2,8,6,8,7,4,NA,8,4,6,3,3,8
45905,1,65,NA,3,7,8,8,8,8,NA,NA,5,10,8,8,9
45926,1,41,10,1,8,7,8,9,5,6,5,5,7,7,9,8
45930,2,44,9,1,8,8,7,8,5,8,9,5,8,7,7,10
45980,1,73,2,1,6,7,6,8,4,NA,6,4,5,5,5,6
46034,2,29,NA,2,7,4,6,7,5,5,8,5,6,5,8,7
46039,2,34,6,2,9,8,5,4,5,7,9,5,5,7,6,8
46112,1,56,5,1,8,7,8,8,7,7,8,6,8,7,8,8
46188,1,61,9,1,7,3,6,4,7,3,1,7,8,8,5,10
46225,1,55,6,1,9,9,7,7,5,NA,6,5,7,8,3,8
46244,2,55,6,2,7,7,5,7,3,4,6,3,4,5,6,7
46268,1,51,5,1,10,10,8,9,5,5,8,5,5,3,6,6
46359,1,20,1,1,7,5,8,8,5,4,6,5,6,7,6,8
46482,1,72,6,1,5,5,10,10,5,5,7,5,8,4,7,8
46526,2,31,7,1,5,5,8,9,6,NA,7,6,7,5,5,8
46543,1,31,7,2,4,8,7,6,8,NA,8,8,8,5,6,8
46585,2,71,8,1,10,8,9,9,8,6,7,8,9,4,8,8
46613,1,61,10,1,4,5,8,6,4,3,4,4,7,7,5,7
46620,1,38,4,1,7,7,5,9,5,5,5,3,5,7,9,8
46653,1,58,8,1,7,6,8,9,6,5,7,6,8,5,8,7
46795,1,59,3,1,8,5,8,7,7,5,7,6,7,5,8,10
46799,1,59,6,1,8,5,8,6,7,4,7,7,10,1,9,8
46837,1,42,4,3,5,5,8,8,3,NA,0,5,10,7,10,8
46894,2,19,7,1,7,6,7,8,5,7,6,5,7,5,7,6
46896,2,46,4,1,8,7,10,10,8,10,10,7,10,8,10,9
46960,1,66,4,1,7,5,10,9,6,8,9,8,8,5,9,10
47008,1,37,3,1,5,5,6,7,3,0,8,2,5,4,7,8
47035,2,41,7,3,9,8,10,10,8,10,9,8,10,7,10,10
47066,1,65,7,1,9,7,10,10,4,7,10,5,10,1,7,2
47125,1,66,3,2,9,8,9,8,5,5,5,5,6,4,7,7
47268,2,66,7,1,5,5,7,7,2,3,8,4,8,6,7,6
47422,1,32,10,1,7,3,6,5,6,6,6,6,6,7,6,8
47485,1,16,5,2,5,3,10,8,7,9,10,7,10,8,8,8
47492,1,50,5,1,10,7,5,5,1,0,5,3,1,7,4,7
47503,1,47,4,1,7,6,7,7,6,5,7,5,6,5,6,6
47529,1,52,6,2,7,3,7,6,5,5,5,5,6,5,5,6
47739,1,49,1,3,7,6,7,4,0,2,7,4,6,3,2,7
47748,2,42,10,1,6,6,8,9,6,5,5,6,6,6,5,8
47758,2,55,8,1,8,8,6,10,5,NA,NA,7,5,3,9,8
47781,2,25,3,2,7,6,5,4,3,5,6,3,3,3,8,5
47789,1,21,3,2,8,7,8,9,6,9,10,4,6,6,6,9
47842,2,90,2,1,8,2,8,8,2,5,5,2,5,7,5,5
47889,1,82,4,1,5,5,3,2,2,3,3,5,10,8,8,10
48027,1,72,4,1,9,8,7,8,8,7,9,7,9,8,10,9
48054,2,27,5,2,3,5,9,8,6,7,7,6,7,5,7,7
48074,1,86,3,1,8,7,7,7,5,4,8,5,5,3,7,6
48135,2,81,1,2,7,10,7,8,6,0,7,3,4,7,6,5
48195,2,53,8,1,8,6,8,10,5,5,8,5,6,6,8,8
48218,1,58,7,2,8,5,8,8,5,5,NA,5,8,8,9,8
48231,1,66,9,1,8,4,10,10,7,10,6,7,8,4,7,9
48233,2,27,3,2,7,5,9,10,5,NA,8,NA,8,8,8,8
48245,2,54,NA,2,5,6,4,6,4,2,3,4,4,6,6,5
48313,1,72,5,1,9,4,6,9,8,5,5,8,7,1,8,10
48350,2,79,7,2,9,1,8,10,6,6,5,9,7,5,9,9
48396,1,57,4,1,8,5,5,4,6,NA,4,6,7,6,9,8
48479,2,56,4,2,8,9,6,7,5,NA,8,5,7,5,7,8
48499,2,72,4,2,8,8,10,10,6,7,10,6,8,7,9,10
48575,2,75,3,1,3,3,6,5,3,5,7,4,6,4,3,6
48652,1,71,3,2,3,3,5,5,5,5,8,5,5,7,7,8
48678,1,75,5,1,10,10,7,6,6,7,10,6,6,7,6,6
48743,1,NA,7,2,7,6,9,9,6,5,8,3,7,7,5,8
48766,1,41,6,2,7,7,6,6,3,2,2,3,4,3,3,5
48822,1,66,5,1,10,10,5,10,2,2,6,2,3,2,5,6
48843,2,58,9,3,7,6,8,8,2,7,8,2,7,6,8,6
48846,1,80,3,1,8,6,5,8,8,5,8,8,8,5,7,10
48966,1,65,10,1,8,8,7,7,7,7,8,8,8,8,8,8
48994,2,78,2,1,8,6,5,5,4,3,6,6,6,3,6,5
49055,2,38,7,1,7,7,9,10,7,8,8,7,8,8,9,9
49061,1,16,NA,NA,8,9,NA,8,NA,NA,5,NA,NA,NA,NA,NA
49111,1,50,10,1,5,8,7,8,5,NA,NA,5,5,7,9,8
49133,1,69,4,2,9,7,7,5,8,7,8,8,6,3,8,4
49138,2,22,1,2,7,5,7,8,4,5,6,5,6,6,8,7
49157,1,51,7,1,9,7,9,9,6,NA,8,4,7,7,7,8
49159,1,37,5,2,8,5,7,7,5,5,5,5,5,5,6,10
49256,1,26,6,1,8,9,8,9,7,5,6,6,7,6,8,6
49264,1,75,4,1,8,9,9,9,4,3,7,5,8,7,9,9
49279,1,53,2,3,8,8,5,5,3,3,NA,3,5,3,3,3
49453,2,41,9,1,9,6,9,10,8,8,9,8,8,6,7,8
49556,2,52,7,2,3,4,7,7,5,5,6,5,6,5,8,6
49566,2,64,5,1,9,7,9,8,5,4,8,5,8,4,8,7
49715,2,42,5,1,9,3,10,10,6,5,8,4,8,7,9,8
49730,2,54,9,1,8,8,6,6,7,7,7,7,7,5,8,5
49802,2,46,6,1,8,5,8,8,3,NA,5,4,2,9,4,9
49861,1,66,2,3,6,5,8,10,7,8,10,5,8,5,8,5
49869,2,27,7,1,8,8,8,8,7,8,8,7,6,6,7,8
49955,1,64,6,1,7,8,8,6,6,4,6,5,6,7,8,7
50109,2,61,NA,1,8,8,9,9,9,9,9,9,9,8,8,8
50133,2,60,6,1,8,8,10,10,6,7,10,6,8,5,7,7
50169,1,33,3,3,7,7,8,8,6,7,9,7,7,3,6,8
50312,1,75,5,1,4,7,9,8,5,7,9,5,9,6,9,8
50326,1,42,6,1,9,8,9,10,9,5,5,9,9,5,10,8
50371,1,50,7,1,5,4,8,9,5,NA,9,4,8,6,8,7
50397,1,40,10,1,5,6,8,8,6,7,8,6,7,6,8,7
50524,2,36,8,2,5,6,10,10,9,NA,10,9,10,6,7,7
50750,1,39,9,1,5,5,7,7,3,5,7,4,5,4,6,6
50754,2,49,3,2,7,8,8,8,5,5,6,5,9,7,10,9
50845,1,17,NA,1,5,4,8,6,6,7,7,6,7,7,8,8
50866,2,58,2,1,3,4,8,8,4,4,6,4,6,8,7,7
50886,1,60,10,1,9,8,9,9,4,2,4,5,8,7,8,8
50916,1,38,8,2,6,5,6,6,4,4,6,4,6,7,7,6
50930,2,41,8,1,8,5,9,9,6,6,8,6,8,5,8,8
50955,2,49,10,1,7,7,9,9,7,7,8,7,8,2,4,8
50989,1,72,3,1,6,6,6,6,5,5,5,4,6,8,7,8
51067,1,38,9,1,6,7,5,5,4,5,6,6,5,3,7,7
51090,2,58,5,2,8,7,9,8,6,6,7,6,9,5,6,7
51148,2,26,7,2,8,6,9,9,4,5,6,4,6,3,8,8
51208,2,17,6,1,3,6,NA,10,NA,NA,NA,NA,NA,NA,10,10
51258,2,48,NA,2,NA,10,6,5,3,NA,NA,2,3,2,3,5
51259,2,NA,2,2,8,5,6,2,NA,1,NA,5,3,NA,7,3
51301,1,49,10,1,7,7,9,7,6,6,8,6,10,7,9,10
51351,1,32,4,1,7,6,7,9,5,7,7,4,7,3,8,10
51364,1,31,7,1,6,4,9,8,8,9,8,8,8,7,6,8
51412,2,33,3,2,8,9,8,9,5,8,8,7,7,7,8,7
51429,1,30,3,1,7,6,7,9,6,5,8,7,8,6,9,6
51453,2,81,4,1,10,9,8,10,3,3,8,5,6,4,9,9
51494,2,53,6,2,8,5,8,8,6,7,8,6,7,7,8,7
51506,2,22,6,NA,5,6,4,4,5,NA,7,4,5,4,7,5
51514,2,66,6,1,9,8,7,6,5,4,6,6,6,2,2,2
51522,1,72,5,1,8,7,9,8,8,6,3,8,9,5,7,5
51558,1,40,8,2,7,4,8,7,4,4,5,4,7,5,7,7
51625,2,66,6,1,10,6,8,10,5,4,8,5,7,6,6,7
51696,2,39,10,1,8,7,9,9,7,8,9,7,8,4,8,8
51731,2,73,4,1,8,6,7,7,7,7,9,7,8,3,5,5
51739,2,63,NA,1,9,9,10,10,8,8,10,8,9,8,9,10
51782,1,16,NA,NA,5,4,9,10,8,8,10,9,9,8,10,9
51820,2,42,7,2,8,8,7,9,5,NA,9,5,7,4,6,5
51998,1,25,5,1,6,5,9,8,5,8,9,5,8,5,7,7
52036,2,35,9,1,9,5,9,8,6,NA,8,7,8,7,9,8
52093,1,43,3,2,3,0,10,8,10,8,7,8,9,9,9,8
52130,1,37,4,3,7,5,6,6,0,0,8,0,0,0,2,3
52213,1,57,10,1,8,7,9,8,4,4,3,4,8,4,9,8
52326,1,47,10,1,5,6,10,10,7,6,9,7,9,5,5,7
52328,2,62,3,2,8,8,8,10,8,6,8,7,6,7,8,7
52394,2,37,NA,1,3,5,9,9,7,6,8,6,9,7,8,9
52439,2,58,7,1,8,5,9,9,5,5,7,5,7,4,6,9
52450,1,22,2,1,5,6,10,10,5,8,8,5,8,7,8,8
52496,1,48,10,1,7,5,10,8,7,5,9,7,8,8,9,8
52564,2,21,NA,1,7,5,8,9,6,7,9,7,8,5,7,9
52634,2,31,7,1,9,8,9,9,5,8,9,5,7,6,8,7
52707,2,58,5,2,7,5,9,8,4,5,5,4,8,6,8,10
52710,1,50,10,1,8,9,9,8,7,8,9,8,9,7,9,9
52845,1,53,10,1,10,10,8,7,7,NA,7,7,7,5,6,9
52879,1,69,4,2,8,9,9,7,4,3,6,4,5,3,6,5
52961,2,22,NA,2,7,3,8,9,7,7,8,7,9,6,7,7
53001,2,58,5,1,9,4,6,4,0,NA,5,0,2,2,7,3
53081,1,59,6,1,7,4,3,5,2,5,6,4,4,4,5,5
53088,1,40,10,1,7,6,8,7,6,6,8,6,9,5,7,8
53105,2,15,NA,1,4,5,6,8,6,6,6,8,7,4,9,6
53142,1,81,4,1,8,7,8,8,4,7,8,4,6,4,7,8
53157,1,19,3,2,7,5,5,7,4,NA,1,0,2,2,4,3
53181,1,37,6,1,7,6,10,8,6,7,7,6,9,6,9,9
53195,2,29,9,1,8,8,10,10,7,10,10,9,7,7,10,10
53240,1,75,5,1,8,5,8,7,5,NA,NA,5,8,5,7,8
53256,1,35,8,1,7,4,8,6,5,7,8,7,7,5,6,8
53319,2,38,9,1,9,7,9,10,7,6,8,7,6,4,7,8
53376,1,27,7,2,3,3,10,10,2,10,10,3,8,7,8,8
53430,1,21,9,1,7,3,7,9,3,NA,7,3,5,7,4,8
53477,1,NA,NA,2,10,7,0,3,0,NA,NA,2,1,0,2,7
53490,2,59,3,1,7,4,10,10,7,8,10,7,8,4,10,7
53503,2,53,4,1,6,5,10,10,8,10,10,9,10,7,10,7
53592,1,64,4,1,7,8,8,8,6,6,6,6,7,6,9,9
53812,1,45,3,1,5,6,8,8,4,4,7,5,6,5,8,7
53883,1,30,3,2,4,3,6,4,1,0,10,3,8,5,5,10
53912,2,44,2,4,9,9,9,9,7,7,8,7,7,7,7,7
53918,2,28,4,1,8,6,6,6,4,4,8,4,7,5,6,9
53952,2,61,9,1,8,7,8,8,7,8,9,7,7,8,9,9
53957,1,20,3,3,0,10,6,10,10,NA,8,9,6,8,9,7
53969,1,51,7,1,8,8,9,9,7,5,7,5,8,3,5,8
53983,2,51,5,1,9,5,9,9,5,7,8,4,9,6,8,9
53993,1,73,5,1,10,10,10,10,5,0,10,5,5,3,3,10
54003,2,63,7,1,8,8,9,9,8,5,7,9,10,7,9,9
54127,1,75,4,1,7,8,9,10,6,0,10,6,8,7,7,8
54140,2,29,6,1,7,6,7,6,5,4,5,5,6,5,7,7
54151,1,75,2,2,5,7,3,6,3,0,9,6,8,6,7,8
54227,2,57,10,1,9,6,9,9,6,NA,8,6,7,6,7,9
54259,2,30,1,3,4,6,4,4,4,4,4,3,3,3,6,3
54268,2,52,9,1,8,6,9,9,7,5,6,5,8,7,9,8
54303,1,38,NA,1,8,8,8,8,8,8,10,8,8,10,10,10
54344,1,17,7,1,9,7,10,10,7,9,10,6,10,8,10,10
54375,2,46,2,2,6,5,8,10,8,9,8,NA,6,10,8,8
54432,2,60,7,1,7,5,9,9,7,NA,9,7,7,6,9,8
54441,2,70,1,1,8,8,7,9,5,NA,5,5,6,6,8,9
54453,2,48,2,1,8,6,8,6,6,7,8,6,9,7,8,8
54492,1,62,3,2,6,4,5,2,4,5,6,7,4,4,6,7
54575,1,36,4,1,8,8,9,7,0,0,6,0,0,0,3,8
54587,1,23,4,2,5,5,4,6,4,5,4,7,4,2,6,5
54656,2,62,9,2,9,7,9,10,9,9,10,9,9,8,10,8
54659,2,63,5,2,7,6,8,8,9,8,8,8,5,6,6,5
54905,1,53,7,2,5,5,7,7,5,5,7,6,6,6,7,7
54942,1,69,5,1,9,8,10,9,6,5,5,6,9,9,8,8
55010,1,56,7,1,9,8,8,6,6,9,10,6,9,9,9,9
55079,1,NA,8,1,7,4,5,5,5,5,7,5,7,6,6,8
55109,2,51,8,2,9,8,9,9,8,7,8,8,8,3,9,8
55219,1,40,8,1,4,1,8,7,4,4,8,4,8,8,8,8
55248,1,63,9,2,8,6,7,7,8,7,8,6,8,6,8,8
55291,1,48,6,1,8,7,9,9,4,3,7,4,7,4,7,9
55292,2,55,4,2,8,8,7,8,5,3,3,3,7,8,6,5
55296,2,77,1,2,9,10,10,9,8,6,8,8,10,3,8,5
55418,2,35,3,3,8,5,7,7,6,5,8,5,5,3,7,5
55424,1,26,4,3,8,8,5,6,2,5,5,2,6,6,8,7
55443,2,18,NA,1,4,5,7,7,5,NA,10,5,7,7,8,7
55534,2,17,NA,1,3,5,9,7,6,8,9,6,8,7,8,9
55551,1,70,10,1,8,5,9,10,8,9,10,8,10,9,10,10
55623,1,46,3,2,8,3,2,2,7,4,9,8,5,2,7,9
55736,2,40,7,2,7,8,8,7,6,9,9,7,8,7,10,7
55869,2,48,8,2,9,5,9,8,7,6,9,7,10,6,9,8
55900,2,20,4,2,4,3,6,7,3,4,6,4,4,4,4,5
55978,1,64,7,1,7,5,5,6,5,7,6,7,7,8,8,8
56009,1,60,3,2,10,2,7,5,3,NA,5,3,0,3,2,5
56028,2,32,5,2,10,8,8,9,5,5,9,4,5,3,6,5
56044,1,36,6,1,4,3,9,10,3,6,7,2,4,3,5,8
56167,1,44,10,1,7,7,9,9,7,7,8,7,8,5,8,7
56263,2,31,8,1,5,5,9,10,9,5,7,7,9,9,9,10
56305,1,54,1,2,7,4,9,8,5,2,9,5,8,4,9,8
56334,1,36,7,2,7,7,8,7,5,6,8,6,6,6,8,6
56427,2,40,5,1,7,5,8,8,6,7,8,6,7,6,8,7
56519,1,56,6,1,8,8,7,7,6,4,7,6,6,7,8,9
56528,1,64,2,2,5,7,4,4,4,NA,7,4,7,4,6,7
56550,2,58,3,1,5,6,6,8,8,7,7,7,7,8,8,8
56552,1,66,5,1,9,7,8,10,6,8,10,5,10,9,8,8
56559,1,53,7,1,8,7,8,8,3,8,8,5,4,4,6,8
56572,1,56,NA,1,7,9,7,8,7,6,8,7,7,9,8,9
56664,1,38,8,3,7,3,7,4,6,7,10,7,8,7,7,8
56724,1,50,10,1,8,5,9,9,5,7,9,5,7,8,9,9
56767,2,25,3,2,7,6,10,10,5,8,10,7,7,7,8,8
56980,1,43,3,1,6,4,4,10,3,5,8,3,8,2,3,6
57050,2,34,10,1,8,8,6,7,3,5,7,3,5,7,7,9
57078,1,50,9,1,8,8,7,8,6,7,9,7,8,8,9,10
57104,1,47,10,1,8,6,8,8,5,4,7,5,7,8,3,7
57105,1,75,3,1,8,7,8,10,6,6,7,6,8,4,7,6
57162,2,19,NA,2,7,6,7,9,6,NA,8,8,9,7,9,7
57166,1,58,7,1,8,8,8,7,6,8,6,6,9,8,10,9
57192,1,45,4,2,4,4,6,6,3,0,1,3,4,7,4,10
57193,1,26,2,1,6,6,9,9,5,NA,7,4,7,6,8,7
57200,2,56,2,3,9,6,4,6,2,NA,6,5,4,1,5,9
57223,2,66,4,2,8,8,7,10,0,NA,5,0,NA,5,5,7
57238,1,36,1,4,10,10,NA,10,NA,NA,10,10,0,0,0,0
57298,2,57,5,1,4,4,8,9,5,5,8,5,7,5,8,8
57394,1,65,1,2,7,9,0,7,4,0,6,4,5,7,8,5
57398,2,46,5,1,9,7,10,10,5,3,3,6,10,4,9,5
57400,1,28,6,1,8,3,7,7,5,7,9,5,6,7,7,3
57539,2,28,4,2,8,5,10,10,6,7,7,7,8,5,8,3
57555,1,52,6,2,8,6,4,3,0,0,0,0,3,4,4,7
57601,1,73,5,1,9,9,8,7,4,5,7,6,2,5,9,8
57632,1,45,6,1,8,6,7,7,5,NA,6,5,5,6,6,7
57674,1,54,8,2,5,7,7,8,5,4,7,5,6,6,7,8
57679,1,44,4,2,9,7,9,8,7,7,8,7,9,4,8,8
57733,1,39,7,1,8,6,9,8,5,7,7,5,9,4,7,7
57739,2,70,4,1,6,7,7,7,6,7,8,6,3,6,7,7
57790,1,19,10,1,8,7,10,10,8,NA,10,8,10,8,8,6
57815,1,47,8,1,8,7,9,8,7,7,8,7,9,9,8,8
57817,1,25,1,1,7,8,9,7,6,8,8,8,7,5,9,9
57853,2,67,4,2,5,8,NA,8,5,NA,7,5,5,2,2,2
57860,1,20,6,2,6,4,9,10,6,8,9,7,8,7,8,9
57899,1,NA,4,1,10,4,6,7,7,8,8,6,6,5,7,7
57921,1,29,5,1,7,8,9,6,6,6,8,6,7,8,7,8
57922,2,29,7,2,6,5,8,8,5,5,6,5,6,5,9,7
57990,1,59,3,2,8,6,8,8,6,6,6,6,7,5,7,6
58072,1,24,1,2,7,6,9,9,6,7,7,7,7,4,7,7
58162,2,66,NA,1,7,7,6,7,5,6,6,5,5,6,6,7
58187,2,60,3,2,8,5,6,8,3,4,4,3,3,5,7,8
58209,1,38,8,1,7,7,9,9,6,7,9,7,8,7,8,7
58221,2,66,5,1,10,6,9,6,8,9,9,7,9,8,8,8
58318,2,50,2,2,3,8,7,8,6,NA,7,6,8,8,7,10
58339,2,35,7,1,10,6,9,8,6,5,6,5,7,4,4,7
58433,2,60,1,4,7,5,6,7,3,2,5,3,5,2,4,3
58470,1,54,4,2,5,0,8,9,6,2,3,6,8,3,9,8
58473,2,60,9,1,7,7,9,8,8,8,9,8,6,7,6,6
58500,1,58,7,2,7,5,7,8,5,NA,8,4,6,7,7,9
58513,1,49,5,2,9,7,8,9,7,6,9,7,8,4,9,10
58570,2,17,5,1,7,5,7,7,3,NA,10,2,5,4,7,5
58670,2,32,2,1,7,7,2,8,0,NA,8,0,0,3,8,5
58704,2,53,10,1,7,5,8,7,5,NA,8,5,8,6,6,7
58757,1,69,6,1,10,10,10,5,5,5,6,7,10,8,10,9
58777,2,39,10,1,8,7,9,8,5,7,8,4,5,3,6,8
58781,2,25,NA,3,7,8,9,9,6,NA,8,6,7,7,9,7
58845,1,23,2,3,9,5,8,7,6,5,7,7,8,6,8,6
58867,2,56,5,2,7,6,8,8,7,6,9,8,9,9,9,9
58897,1,29,4,2,5,5,7,7,6,5,8,6,5,7,9,9
58901,2,63,3,2,1,3,7,8,3,NA,NA,3,3,4,4,NA
59000,2,30,10,1,5,7,8,8,2,NA,6,2,5,NA,5,8
59012,2,17,7,1,6,5,7,7,7,7,9,8,8,8,9,8
59079,1,45,2,2,8,5,9,9,9,7,8,9,9,8,9,8
59204,2,69,2,2,10,5,7,8,5,1,8,6,8,2,2,1
59241,2,49,6,2,2,6,1,0,0,1,3,1,1,0,0,1
59257,1,77,NA,1,4,4,10,9,8,6,6,6,9,9,9,9
59261,2,45,NA,1,8,6,8,9,6,3,7,6,8,6,8,8
59357,2,51,9,2,8,6,5,10,6,3,9,5,5,6,10,9
59415,1,22,10,1,6,8,10,4,2,NA,10,6,7,8,8,7
59434,2,19,NA,1,5,4,7,7,6,6,8,6,7,8,10,7
59446,2,29,4,1,3,4,7,8,4,8,9,5,5,2,7,6
59521,1,61,3,1,3,9,8,8,2,0,4,2,4,2,2,7
59527,2,67,5,1,10,8,10,9,8,NA,9,8,10,7,10,10
59534,2,29,6,2,7,6,6,5,5,5,7,5,7,6,7,6
59554,2,75,5,2,10,8,6,6,1,NA,4,1,5,2,2,7
59616,1,46,9,1,7,4,9,9,5,7,8,4,8,7,4,8
59617,2,16,4,1,8,7,8,8,7,6,8,7,10,7,8,8
59940,2,77,9,1,8,4,7,7,7,NA,6,6,6,7,6,7
59970,1,70,2,2,7,8,7,9,5,5,7,5,8,7,8,9
60027,2,39,7,1,8,6,8,7,6,NA,8,7,7,5,8,10
60037,1,26,6,1,8,5,9,10,5,8,9,5,9,7,9,10
60088,1,87,5,1,10,10,7,9,9,5,8,8,10,6,9,9
60149,1,77,4,1,8,6,3,5,3,0,8,4,0,0,3,4
60178,2,32,5,2,7,5,9,8,5,NA,7,5,8,2,6,5
60214,1,16,2,1,5,7,10,10,5,5,10,5,10,8,10,8
60257,2,49,5,2,7,6,8,9,6,6,8,5,8,3,7,7
60317,1,51,6,1,8,7,8,8,6,7,7,5,6,6,8,8
60324,2,63,6,2,7,8,7,8,5,4,6,5,6,5,7,7
60333,1,22,2,1,7,5,3,7,5,NA,8,6,5,6,4,9
60351,1,67,2,1,8,7,7,8,6,7,7,6,6,5,7,6
60379,2,74,1,2,5,4,5,8,5,6,8,5,8,5,8,6
60381,1,23,5,2,6,5,5,8,4,8,7,4,6,7,6,7
60462,1,68,5,1,7,6,8,9,7,NA,6,7,7,5,8,9
60496,1,27,4,2,6,3,8,9,2,3,10,1,7,3,5,7
60506,1,43,8,1,8,7,8,8,7,7,7,7,8,6,8,7
60618,2,35,4,2,5,8,4,6,6,4,7,6,5,9,9,10
60630,2,55,2,2,8,8,6,10,6,6,8,6,8,7,8,8
60700,2,45,6,2,7,7,8,9,8,8,9,7,8,8,8,8
60711,2,75,3,1,8,3,5,7,6,NA,8,6,5,6,6,8
60816,1,21,2,1,5,5,4,10,8,5,9,8,7,6,10,5
60939,1,43,5,2,7,6,9,7,5,7,8,7,8,5,7,9
60964,1,22,8,1,8,6,7,8,4,7,7,6,7,7,7,5
60983,1,73,6,1,9,7,9,9,6,7,7,6,6,6,8,8
61041,2,49,9,1,7,7,9,8,6,8,10,7,8,3,8,7
61123,2,78,NA,1,7,7,6,6,5,3,5,6,4,5,7,7
61165,1,66,10,1,7,7,3,4,3,1,2,3,4,4,3,8
61224,1,74,6,1,8,7,6,6,2,0,1,2,2,4,5,7
61277,1,37,4,1,9,7,8,9,8,6,8,8,8,7,9,10
61322,2,72,5,1,8,9,4,3,5,3,5,4,6,8,6,9
61371,1,26,1,2,7,5,7,9,2,0,5,3,7,9,7,8
61373,1,64,5,1,8,8,9,7,6,3,6,6,9,5,8,7
61376,2,71,6,1,10,10,8,9,7,4,3,6,7,5,7,9
61448,2,63,4,1,8,10,8,9,3,NA,7,4,3,1,8,7
61478,1,34,7,1,6,4,6,7,4,5,7,4,8,6,7,9
61520,1,71,6,2,5,6,9,8,7,2,7,4,7,6,8,6
61524,2,35,4,2,7,5,2,2,2,2,3,2,2,2,3,5
61649,1,55,8,1,10,7,7,0,2,NA,7,4,5,6,7,7
61746,2,57,10,1,5,6,8,8,6,7,7,6,7,6,8,8
61936,1,62,9,1,9,9,9,9,7,9,9,7,7,7,3,8
62197,1,73,3,2,3,9,6,2,8,NA,4,8,10,5,5,5
62201,1,43,5,1,8,0,5,5,5,5,5,5,5,0,0,0
62252,1,64,6,1,9,5,8,8,7,6,8,7,7,7,10,10
62293,2,NA,4,1,8,6,7,7,5,NA,8,5,8,6,9,7
62412,1,40,10,1,5,7,7,10,5,NA,7,4,6,8,8,10
62447,2,48,3,2,7,6,7,7,4,5,6,5,6,6,8,7
62517,2,22,NA,3,7,3,6,8,5,5,7,6,7,8,8,8
62531,2,50,4,2,5,4,5,7,4,9,10,5,6,6,7,6
62604,1,82,8,1,9,5,8,10,9,NA,8,6,8,5,10,7
62677,2,47,4,1,8,7,8,9,6,NA,7,6,7,7,8,8
62681,2,65,5,1,8,8,10,10,7,6,7,6,8,8,9,8
62742,1,55,10,1,8,7,9,8,7,5,8,7,9,7,10,8
62751,2,59,7,1,6,6,8,8,3,5,6,3,7,3,4,9
62791,2,55,6,1,5,4,8,8,6,4,7,4,7,7,7,7
62810,1,22,3,1,7,7,9,9,7,8,9,8,9,6,10,9
63043,2,16,6,1,6,9,5,9,7,7,8,8,7,6,9,4
63121,2,28,2,2,8,5,8,9,7,7,8,7,7,5,8,8
63252,1,65,5,2,8,7,7,7,4,3,5,4,5,3,8,6
63345,1,67,2,1,10,6,9,9,7,6,6,7,10,6,8,9
63407,1,55,8,2,8,6,8,7,5,7,8,5,7,8,8,8
63545,1,69,5,1,7,4,10,10,7,8,9,7,10,8,10,9
63576,1,43,3,2,7,4,4,2,2,NA,6,4,2,1,3,7
63631,1,79,7,2,7,7,7,7,5,6,7,6,5,7,7,9
63741,1,69,3,3,6,6,8,10,4,5,7,4,6,7,6,7
63744,1,58,10,2,7,7,3,3,0,3,5,1,3,5,5,7
63765,2,40,8,2,7,5,7,7,6,4,5,6,7,6,8,7
63775,2,36,4,1,5,3,5,6,5,5,6,5,5,5,7,9
63854,1,60,5,1,5,1,1,5,1,NA,4,1,1,1,1,7
63978,2,33,9,1,8,5,10,10,8,6,8,7,10,4,7,8
64023,2,75,6,1,10,8,10,10,6,NA,6,6,10,10,10,10
64034,2,22,8,1,7,8,8,10,6,7,7,6,7,6,9,6
64046,2,51,7,2,5,8,9,9,3,NA,7,5,7,5,8,7
64052,1,34,9,1,6,6,9,9,7,NA,8,7,8,8,8,9
64066,2,53,9,1,9,8,7,8,4,4,8,5,7,8,9,9
64162,2,54,5,1,7,7,10,9,7,7,8,7,8,9,9,8
64185,1,46,4,3,9,5,9,10,5,8,10,8,9,8,10,9
64223,1,NA,4,2,7,3,9,8,5,5,3,4,5,5,7,8
64268,1,26,7,2,7,7,6,8,3,5,7,3,7,4,6,6
64271,1,63,9,1,6,5,5,5,2,5,5,2,4,7,6,8
64365,2,56,3,1,9,6,8,8,3,3,4,3,4,5,7,8
64427,2,35,9,1,4,2,4,5,3,3,4,3,5,3,4,5
64523,2,33,8,2,6,6,8,9,3,4,6,4,4,3,4,4
64705,2,27,4,2,8,8,9,9,7,NA,9,7,9,4,8,7
64762,1,17,6,1,6,6,7,7,5,5,6,5,7,5,7,7
64771,2,40,8,2,7,5,10,9,5,4,7,5,7,2,9,5
64804,2,32,9,1,6,6,7,6,4,NA,8,5,7,2,4,6
64805,2,NA,6,1,7,7,7,9,3,3,6,3,5,2,5,6
64918,1,NA,NA,3,5,10,NA,NA,NA,NA,6,NA,NA,10,NA,10
64954,1,27,1,2,3,5,3,5,1,NA,NA,1,5,5,7,6
65008,2,39,2,2,5,5,6,5,3,4,6,5,7,3,5,4
65107,1,NA,3,1,8,8,8,10,7,2,8,5,9,6,8,4
65111,2,30,2,1,8,6,7,7,5,6,9,4,7,7,8,7
65197,1,38,8,1,8,8,10,10,9,NA,6,8,10,5,9,9
65219,2,62,4,1,8,7,7,7,4,6,6,NA,5,3,5,7
65220,2,28,8,1,7,8,7,6,4,4,5,4,5,5,9,9
65355,2,61,NA,1,10,7,10,10,8,8,6,8,10,6,8,8
65393,2,34,3,1,5,10,10,10,5,NA,10,7,10,6,4,10
65417,1,49,5,1,6,5,7,8,6,6,6,6,6,6,7,7
65526,1,39,4,1,3,2,8,8,3,6,8,3,6,7,8,8
65567,1,24,3,2,10,5,NA,6,5,7,10,10,10,6,10,10
65574,2,47,3,2,8,9,6,10,5,NA,7,5,9,6,9,10
65608,1,76,3,2,7,7,5,5,6,5,7,8,7,3,8,10
65670,1,57,6,1,7,7,8,8,5,4,7,5,7,5,7,7
65698,1,33,6,1,8,7,7,3,3,NA,4,4,4,5,6,7
65711,2,22,1,2,8,6,9,9,6,NA,7,5,7,4,9,7
65712,1,58,8,1,8,4,8,8,7,8,9,9,9,7,10,9
65800,1,75,8,1,7,8,8,8,7,8,8,7,7,7,8,8
65810,1,32,2,1,9,3,9,10,4,5,8,5,4,NA,7,7
65824,1,74,8,1,8,5,8,8,6,6,7,7,9,9,9,8
65852,1,NA,8,1,8,6,9,9,7,7,7,7,8,7,9,10
65900,1,52,8,2,8,6,10,8,6,5,7,6,8,6,8,6
66094,1,52,10,2,6,6,8,7,4,5,8,2,5,8,5,8
66112,2,26,8,1,6,5,7,8,5,NA,7,4,6,4,4,9
66199,2,35,6,2,6,5,8,8,6,6,6,6,8,6,8,8
66250,1,46,6,2,6,5,8,8,6,7,8,4,6,5,5,7
66251,1,64,7,1,4,5,6,3,5,3,7,6,9,6,8,8
66381,1,30,7,1,10,5,8,9,5,5,8,5,7,4,8,10
66388,1,59,10,1,8,8,10,10,8,7,9,7,10,8,8,9
66433,1,54,6,1,7,7,9,8,2,5,7,3,7,5,6,9
66467,2,57,3,2,10,10,7,10,5,NA,6,4,4,4,5,8
66479,1,59,5,1,6,5,7,9,2,1,7,2,3,6,9,10
66491,2,18,NA,2,3,5,5,9,5,NA,5,5,5,5,5,5
66504,1,48,9,1,8,7,9,8,6,7,8,7,7,10,7,8
66635,1,58,9,1,8,7,7,7,8,7,8,8,8,6,8,9
66670,2,73,6,1,8,6,9,7,6,6,8,8,8,7,7,8
66788,2,74,3,2,10,7,5,8,3,4,6,3,3,4,7,8
66856,2,33,4,2,8,5,7,7,5,5,5,5,5,5,7,6
66891,2,33,3,2,9,7,8,9,3,NA,9,5,6,6,7,8
66918,2,40,4,1,9,8,8,10,5,0,8,5,5,6,7,7
66934,2,78,4,2,9,10,7,10,7,7,10,7,10,8,8,8
66939,2,41,8,1,9,8,7,9,7,5,8,7,8,9,NA,7
66998,2,60,2,3,5,5,6,5,5,5,6,6,6,4,4,2
67008,1,30,3,1,9,8,8,10,5,5,5,5,8,7,10,7
67099,1,50,6,2,7,7,7,7,5,6,6,4,8,8,8,8
67146,2,27,3,1,8,4,10,10,8,NA,7,5,8,4,7,4
67160,1,33,9,1,8,7,9,8,8,7,9,7,9,8,9,9
67166,1,71,6,1,7,5,9,8,5,4,9,5,8,3,7,9
67186,2,23,5,2,7,3,7,9,7,7,8,5,8,4,9,8
67295,1,68,8,1,7,5,10,10,3,6,10,3,5,3,8,7
67306,2,21,1,2,5,4,7,7,6,5,7,4,6,4,8,8
67364,1,34,4,2,6,7,7,8,3,6,8,3,4,3,7,6
67365,2,68,4,1,8,8,10,10,8,8,9,8,8,5,10,8
67386,2,77,2,1,10,10,8,6,4,2,8,4,10,5,10,8
67390,1,72,1,2,6,4,4,2,4,2,6,4,3,2,9,5
67434,2,15,NA,1,6,4,9,9,7,7,9,7,7,7,9,9
67441,1,45,10,2,8,6,8,8,6,6,8,6,7,7,7,7
67462,1,87,NA,1,7,9,8,9,7,5,5,NA,3,6,7,7
67481,2,49,2,3,7,7,6,8,6,5,7,6,6,6,7,8
67556,1,33,8,1,5,5,8,9,7,7,7,7,7,7,9,8
67724,2,72,3,2,9,9,6,7,3,NA,6,0,6,5,5,7
67803,2,54,1,2,7,5,7,7,3,5,7,2,5,5,6,8
67809,1,47,3,2,6,6,8,5,2,3,7,4,2,3,3,5
67837,1,40,1,2,7,3,7,6,3,5,8,3,5,3,4,8
67845,1,49,9,1,8,10,10,10,5,4,9,5,7,5,8,7
67849,1,46,8,1,5,5,8,8,2,NA,4,2,2,2,4,8
67893,2,80,2,2,0,7,10,10,5,8,8,5,8,9,10,5
67919,1,NA,2,2,8,8,8,7,5,6,9,6,7,4,8,6
67920,2,47,8,1,9,6,6,6,6,7,8,6,6,6,9,7
67930,2,56,10,1,9,8,9,8,5,4,7,6,7,3,8,10
67985,2,18,NA,1,6,5,3,4,6,NA,8,5,7,7,9,6
68080,1,45,6,2,6,6,8,8,6,6,7,6,7,7,8,8
68114,2,69,6,1,9,8,5,8,3,5,5,4,5,6,6,7
68122,1,53,6,2,6,8,8,8,6,6,8,5,8,8,5,9
68146,2,72,10,1,9,8,5,8,4,6,7,7,5,3,7,8
68189,2,49,6,2,9,8,8,9,7,6,8,8,8,7,9,7
68196,1,74,3,1,5,6,8,8,5,6,7,5,6,4,5,6
68203,2,43,6,2,7,6,8,8,7,7,7,8,8,6,9,8
68227,2,70,3,2,5,8,9,8,5,3,5,3,1,6,8,10
68267,2,76,2,1,7,7,6,7,6,5,6,6,6,8,8,8
68319,2,26,6,2,7,5,9,5,5,7,9,6,8,6,9,8
68411,2,80,1,2,6,6,6,5,5,3,6,6,6,6,8,7
68555,2,47,3,3,8,6,7,8,4,4,7,3,4,6,4,5
68575,1,49,9,1,8,6,8,7,7,7,8,7,7,6,9,7
68609,1,39,4,3,4,4,6,8,2,NA,6,3,5,1,7,3
68617,1,73,4,1,8,8,9,9,7,7,7,7,9,8,9,9
68650,2,64,1,3,8,9,10,10,5,NA,10,4,5,5,7,3
68658,1,43,6,2,7,8,8,8,6,5,7,8,9,4,4,5
68787,1,75,9,1,8,5,9,9,6,5,6,6,8,7,9,9
68869,1,55,10,1,10,10,9,4,4,NA,6,3,7,8,7,10
68881,1,46,8,1,7,7,9,9,6,7,9,7,8,7,8,9
68904,1,29,3,3,10,1,10,10,7,NA,NA,7,9,10,8,8
69098,2,51,7,1,9,9,9,9,6,6,7,6,8,8,10,10
69109,1,77,4,1,9,5,7,7,7,7,8,8,10,4,7,9
69267,1,78,4,1,8,6,8,8,4,4,5,4,5,4,8,6
69325,1,26,8,2,5,6,7,7,2,5,7,3,4,3,3,5
69328,1,48,10,1,8,6,8,8,6,6,8,6,9,7,9,9
69374,1,27,3,2,5,6,8,8,7,6,7,7,8,7,10,9
69412,2,24,8,1,7,6,7,7,6,NA,7,6,6,6,7,6
69495,2,24,5,2,7,5,7,8,5,8,10,4,5,5,7,6
69517,1,54,7,3,7,3,7,8,7,5,7,6,8,3,7,8
69579,1,51,6,1,8,7,9,7,6,5,7,6,8,4,8,9
69685,1,18,5,1,7,7,10,10,7,7,8,7,10,9,10,9
69728,2,60,10,1,7,7,7,7,6,6,8,6,8,5,7,6
69733,1,64,6,1,9,9,2,3,2,4,8,2,9,1,7,5
69803,2,16,9,1,3,6,7,10,9,8,10,9,10,8,10,9
69833,2,24,7,2,5,7,6,3,3,NA,9,5,7,5,9,7
69846,1,35,2,2,6,4,10,10,6,10,10,4,10,6,10,7
69857,2,45,NA,1,9,6,10,10,8,NA,9,7,10,8,9,9
69858,2,30,6,1,7,6,8,9,5,NA,6,4,7,5,8,7
