"","country","period","gdp_growth","aid","policy","gdp_pr_capita","ethnic_frac","assasinations","sub_saharan_africa","fast_growing_east_asia","institutional_quality","m2_gdp_lagged"
"34","ARG","2","  1.7003000",0.0182389,0.656556,5637,0.31,2.75,"  0","  0",4.28125,24.82476
"35","ARG","3","  1.0776150",0.0171555,-0.5792648,6168,0.31,9.75,"  0","  0",4.28125,28.793039
"36","ARG","4"," -1.1152850",0.0239942,-0.1356454,5849,0.31,1,"  0","  0",4.28125,30.23452
"37","ARG","5"," -2.5513849",0.029963,-1.348296,5487,0.31,0,"  0","  0",4.28125,29.739771
"38","ARG","6"," -1.0993060",0.0157275,-1.0904191,5624,0.31,0.25,"  0","  0",4.28125,20.330549
"39","ARG","7","  4.2587299",0.000756,1.294504,4706,0.31,0,"  0","  0",4.28125,21.722401
"154","BOL","2","  1.2972900",0.8619137,3.0712869,1661,0.68,0.75,"  0","  0",2.270833,15.16255
"155","BOL","3","  2.9630489",0.8665824,2.84027,1838,0.68,0,"  0","  0",2.270833,15.7813
"156","BOL","4"," -1.4852890",1.182405,1.59246,2015,0.68,0.25,"  0","  0",2.270833,15.8541
"157","BOL","5"," -4.3150082",1.4394799,-4.5035219,1864,0.68,0,"  0","  0",2.270833,19.03047
"158","BOL","6"," -0.6470255",3.107549,2.7949729,1674,0.68,0,"  0","  0",2.270833,18.197399
"159","BOL","7","  1.9494740",3.3419769,3.1369851,1658,0.68,0.25,"  0","  0",2.270833,14.90573
"162","BRA","2","  8.5805321",0.0687522,1.028062,2434,0.07,0,"  0","  0",6.359375,18.439501
"163","BRA","3","  4.5406151",0.0290183,0.8499444,3458,0.07,0,"  0","  0",6.359375,19.11652
"164","BRA","4","  1.2154900",0.0158463,0.4292799,3886,0.07,0,"  0","  0",6.359375,15.96847
"165","BRA","5","  0.3463339",0.0134887,-0.4519173,3968,0.07,0,"  0","  0",6.359375,13.25914
"166","BRA","6","  1.6765920",0.0085394,-2.0602369,4294,0.07,0.25,"  0","  0",6.359375,11.59921
"167","BRA","7"," -2.0486290",0.0227111,-1.0457129,4042,0.07,1.5,"  0","  0",6.359375,33.728611
"194","BWA","2"," 13.8992100",10.3594999,NA,823,0.51,0,"  1","  0",7,NA
"195","BWA","3","  6.1065969",6.025146,0.9333794,1362,0.51,0,"  1","  0",7,NA
"196","BWA","4","  8.7876225",6.3613768,2.725641,1620,0.51,0,"  1","  0",7,29.818359
"197","BWA","5","  6.4109421",4.5614409,4.0407348,1980,0.51,0,"  1","  0",7,30.254919
"198","BWA","6","  7.2490010",4.4411702,4.5245118,2662,0.51,0,"  1","  0",7,27.93161
"199","BWA","7","  1.9145980",3.367358,4.0642381,NA,0.51,0,"  1","  0",7,31.578421
"210","CHL","2"," -0.4672110",0.247531,-0.1285068,3605,0.14,1,"  0","  0",6.325521,14.20367
"211","CHL","3"," -1.1607460",0.2444455,0.4719891,3561,0.14,0.75,"  0","  0",6.325521,24.687229
"212","CHL","4","  5.4852219",0.127625,3.265554,3419,0.14,0.75,"  0","  0",6.325521,16.978729
"213","CHL","5"," -1.6943570",0.1156799,3.008533,3460,0.14,0.5,"  0","  0",6.325521,24.449511
"214","CHL","6","  5.3630772",0.0408912,3.2251229,3572,0.14,0.5,"  0","  0",6.325521,38.739021
"215","CHL","7","  5.0003238",0.1588434,3.3035769,4338,0.14,2.25,"  0","  0",6.325521,39.179821
"226","CIV","2","  3.7496209",1.364204,NA,1615,0.86,0,"  1","  0",6.699405,22.34783
"227","CIV","3","  4.3600249",0.9750726,NA,1721,0.86,0,"  1","  0",6.699405,26.15682
"228","CIV","4"," -2.5903289",0.8453047,0.436713,2237,0.86,0,"  1","  0",6.699405,30.92638
"229","CIV","5"," -4.2013841",0.6525484,NA,1697,0.86,0,"  1","  0",6.699405,29.17765
"230","CIV","6"," -4.0609722",1.222446,NA,1558,0.86,0,"  1","  0",6.699405,27.67774
"231","CIV","7"," -4.5978689",2.5175891,NA,1213,0.86,0,"  1","  0",6.699405,30.221781
"234","CMR","2","  1.0158300",2.626497,NA,804,0.89,0,"  1","  0",5.65625,15.82271
"235","CMR","3","  4.2240901",2.5106111,0.988016,902,0.89,0,"  1","  0",5.65625,16.42411
"236","CMR","4"," 11.1074400",2.035233,1.154126,972,0.89,0,"  1","  0",5.65625,20.42317
"237","CMR","5","  1.3706850",1.202529,1.0739959,1281,0.89,0,"  1","  0",5.65625,22.8529
"238","CMR","6"," -4.1992569",1.424505,0.9909911,1499,0.89,0,"  1","  0",5.65625,22.89332
"239","CMR","7"," -8.2937479",2.2052,1.554929,1226,0.89,0,"  1","  0",5.65625,19.79361
"258","COL","2","  4.2831068",0.3283384,0.9903296,2140,0.06,0,"  0","  0",5.296875,18.844431
"259","COL","3","  1.9204180",0.1345313,0.9680691,2511,0.06,0.75,"  0","  0",5.296875,19.73999
"260","COL","4","  2.6671550",0.0837201,0.8926046,2797,0.06,1.25,"  0","  0",5.296875,19.63488
"261","COL","5","  0.0419509",0.0775605,0.7376797,2943,0.06,0.5,"  0","  0",5.296875,20.1506
"262","COL","6","  2.3619781",0.0388409,3.0520999,3046,0.06,3.25,"  0","  0",5.296875,20.89764
"263","COL","7","  1.4853890",0.0698742,3.166225,3300,0.06,5,"  0","  0",5.296875,19.83297
"282","CRI","2","  4.5980110",0.5155604,0.9623636,2904,0.07,0,"  0","  0",5.471354,21.031481
"283","CRI","3","  2.4944880",0.3238541,0.9430766,3329,0.07,0,"  0","  0",5.471354,24.32032
"284","CRI","4"," -0.6369497",0.4544604,0.6814356,3765,0.07,0,"  0","  0",5.471354,30.008881
"285","CRI","5"," -1.9351000",2.035965,0.7828673,3077,0.07,0,"  0","  0",5.471354,44.44577
"286","CRI","6","  1.9597350",1.789902,3.058656,3273,0.07,0,"  0","  0",5.471354,41.050411
"287","CRI","7","  2.6018901",0.9984065,3.1200271,3499,0.07,0,"  0","  0",5.471354,39.75853
"330","DOM","2","  9.5358124",0.6088132,1.124981,1536,0.04,0.25,"  0","  0",4.515625,15.83432
"331","DOM","3","  2.8581259",0.3210371,1.1237791,2079,0.04,0,"  0","  0",4.515625,20.31345
"332","DOM","4","  1.7496660",0.5828206,0.9725283,2092,0.04,0,"  0","  0",4.515625,23.201361
"333","DOM","5"," -1.2920769",1.037454,0.9116656,2256,0.04,0,"  0","  0",4.515625,19.719481
"334","DOM","6","  3.5392120",0.6109455,0.9433865,2160,0.04,0,"  0","  0",4.515625,17.577209
"335","DOM","7"," -0.4139980",0.4405444,0.9846804,2166,0.04,0,"  0","  0",4.515625,23.41629
"338","DZA","2","  2.3862650",1.032286,0.7452368,1826,0.43,0,"  0","  0",4.364583,49.102669
"339","DZA","3","  3.2366841",0.5008871,1.413676,2256,0.43,0,"  0","  0",4.364583,61.462471
"340","DZA","4","  1.8193769",0.2997423,NA,2591,0.43,0,"  0","  0",4.364583,54.900951
"341","DZA","5","  2.6191370",0.1466725,NA,2823,0.43,0,"  0","  0",4.364583,60.266769
"342","DZA","6"," -1.8466920",0.179638,NA,2970,0.43,0,"  0","  0",4.364583,71.996803
"343","DZA","7"," -3.0764711",0.230067,NA,2777,0.43,1.25,"  0","  0",4.364583,82.306442
"346","ECU","2"," 10.3143301",0.3640414,3.1408429,1789,0.53,0,"  0","  0",5.416667,18.971531
"347","ECU","3","  3.6733351",0.266855,3.13921,2498,0.53,0,"  0","  0",5.416667,22.69136
"348","ECU","4","  2.3264060",0.1861308,3.127589,3077,0.53,0,"  0","  0",5.416667,22.643379
"349","ECU","5"," -0.8804302",0.2968566,1.345718,3193,0.53,0,"  0","  0",5.416667,22.757339
"350","ECU","6"," -0.7227359",0.3715129,0.7108745,2885,0.53,0,"  0","  0",5.416667,22.45019
"351","ECU","7","  1.0571240",0.4543489,2.467953,2755,0.53,0,"  0","  0",5.416667,20.319599
"354","EGY","2","  2.3666029",1.6644599,NA,1163,0.04,0,"  0","  0",4.348958,36.817249
"355","EGY","3","  7.8631930",4.066195,-0.1068098,1175,0.04,0.25,"  0","  0",4.348958,36.99165
"356","EGY","4","  5.0128808",1.834349,0.3208535,1465,0.04,0,"  0","  0",4.348958,49.034691
"357","EGY","5","  5.5104132",1.7236561,0.2492841,1732,0.04,0,"  0","  0",4.348958,63.557259
"358","EGY","6","  1.0824900",1.386881,0.4539143,1927,0.04,0,"  0","  0",4.348958,83.637077
"359","EGY","7"," -0.6464122",2.9465799,0.9035281,1912,0.04,1.25,"  0","  0",4.348958,86.580147
"378","ETH","2",NA,1.062878,NA,296,0.69,0,"  1","  0",4.416667,13.84413
"379","ETH","3",NA,1.611955,NA,300,0.69,2.25,"  1","  0",4.416667,15.92865
"380","ETH","4",NA,1.846928,0.929665,315,0.69,0.75,"  1","  0",4.416667,22.63102
"381","ETH","5","-12.2038603",3.167897,0.7159156,322,0.69,0,"  1","  0",4.416667,26.453409
"382","ETH","6","  2.7313170",4.3228149,0.9130801,312,0.69,0,"  1","  0",4.416667,26.80909
"383","ETH","7"," -0.8031871",5.3183789,0.5250551,NA,0.69,0,"  1","  0",4.416667,32.605518
"402","GAB","2","  6.0282741",3.3934021,0.4694497,3704,0.69,0,"  1","  0",5.375521,15.2697
"403","GAB","3"," 12.2700396",1.3425421,0.2619957,5030,0.69,0,"  1","  0",5.375521,16.33683
"404","GAB","4"," -9.5358829",1.220373,1.2900389,5408,0.69,0,"  1","  0",5.375521,16.313219
"405","GAB","5"," -0.0405246",1.8434941,1.177301,4226,0.69,0,"  1","  0",5.375521,18.482849
"406","GAB","6"," -1.9001590",1.780682,0.9427492,4030,0.69,0,"  1","  0",5.375521,18.31319
"407","GAB","7","  0.7420641",1.8710001,1.344708,3958,0.69,0,"  1","  0",5.375521,21.063459
"418","GHA","2","  1.1283420",1.067504,0.8576345,1059,0.71,0,"  1","  0",3.695313,20.529181
"419","GHA","3"," -4.4548550",0.9828767,0.1458671,1091,0.71,0,"  1","  0",3.695313,21.06576
"420","GHA","4"," -0.8954403",1.300933,0.0754337,1027,0.71,0,"  1","  0",3.695313,26.050249
"421","GHA","5"," -3.0525000",1.561625,1.10525,795,0.71,0,"  1","  0",3.695313,20.163561
"422","GHA","6","  1.7908270",3.660423,3.0957329,807,0.71,0,"  1","  0",3.695313,13.47542
"423","GHA","7","  1.0361400",2.9498079,3.0588901,902,0.71,0,"  1","  0",3.695313,14.8458
"442","GMB","2"," -0.1897431",2.1464369,1.126354,722,0.73,0,"  1","  0",5.625,21.79365
"443","GMB","3","  3.8611300",3.224483,0.8264822,881,0.73,0,"  1","  0",5.625,26.853121
"444","GMB","4"," -0.7028198",7.0985351,0.595847,1179,0.73,0,"  1","  0",5.625,22.68784
"445","GMB","5","  0.4907541",7.8964672,0.6389125,872,0.73,0,"  1","  0",5.625,22.63336
"474","GTM","2","  3.3924861",0.2987463,1.125383,2028,0.64,3.25,"  0","  0",2.841146,17.546431
"475","GTM","3","  2.9238830",0.3258652,1.026605,2260,0.64,0.25,"  0","  0",2.841146,20.655479
"476","GTM","4","  0.6746570",0.3346257,0.8984531,2576,0.64,11.5,"  0","  0",2.841146,22.54999
"477","GTM","5"," -4.3911209",0.3948421,0.9770913,2349,0.64,1.75,"  0","  0",2.841146,22.33733
"478","GTM","6"," -0.0557811",0.8908902,2.012615,2037,0.64,0,"  0","  0",2.841146,25.70904
"479","GTM","7","  0.9107409",0.7212088,3.114068,2127,0.64,4.75,"  0","  0",2.841146,24.200649
"482","GUY","2","  0.7963295",1.334105,0.6529607,1816,0.58,0,"  0","  0",2.841146,29.24869
"483","GUY","3","  2.9822781",1.046527,0.3112545,1935,0.58,0,"  0","  0",2.841146,35.089691
"484","GUY","4"," -0.9429719",2.9341111,-0.5489305,1873,0.58,1,"  0","  0",2.841146,40.224419
"485","GUY","5"," -6.6484179",2.754137,-2.2167611,1529,0.58,0.25,"  0","  0",2.841146,52.889839
"486","GUY","6"," -2.3932619",2.4438989,-0.2820047,1401,0.58,0,"  0","  0",2.841146,92.971481
"498","HND","2","  2.2215130",0.7214855,1.067969,1237,0.16,0,"  0","  0",3.393229,16.365219
"499","HND","3","  2.2338271",1.057387,1.102963,1266,0.16,0,"  0","  0",3.393229,21.448799
"500","HND","4","  1.0298920",1.433085,0.9950003,1533,0.16,0,"  0","  0",3.393229,23.29611
"501","HND","5"," -1.6909690",3.3021309,0.5840453,1439,0.16,0.25,"  0","  0",3.393229,23.168261
"502","HND","6","  0.7361481",3.223475,0.9271817,1381,0.16,0.25,"  0","  0",3.393229,26.925541
"503","HND","7","  0.6857720",3.3950009,2.6119871,1377,0.16,3.25,"  0","  0",3.393229,29.84313
"514","HTI","2","  0.8736246",0.479089,1.150183,834,0.01,0,"  0","  0",2.578646,10.19755
"515","HTI","3","  1.4252540",1.430759,1.029469,883,0.01,0.25,"  0","  0",2.578646,14.24904
"516","HTI","4","  2.3439600",1.636374,0.8614917,943,0.01,0,"  0","  0",2.578646,22.536421
"517","HTI","5"," -2.3858969",2.282593,0.871056,933,0.01,0,"  0","  0",2.578646,28.783131
"518","HTI","6"," -1.7729120",3.0255699,1.151348,902,0.01,0.25,"  0","  0",2.578646,30.790279
"519","HTI","7"," -7.4909830",2.2884209,0.7622148,NA,0.01,1.75,"  0","  0",2.578646,35.98473
"530","IDN","2","  4.5736990",0.7943888,3.092134,715,0.76,0,"  0","  1",3.666667,7.235307
"531","IDN","3","  4.9217539",0.4667856,2.962908,892,0.76,0,"  0","  1",3.666667,12.79889
"532","IDN","4","  5.8263001",0.2930794,3.091598,1124,0.76,0,"  0","  1",3.666667,15.6983
"533","IDN","5","  3.2271061",0.2482695,3.245913,1487,0.76,0,"  0","  1",3.666667,16.67067
"534","IDN","6","  4.7668600",0.2605772,3.1779821,1687,0.76,0,"  0","  1",3.666667,20.11838
"535","IDN","7","  6.1029401",0.2898518,3.336103,1974,0.76,0,"  0","  1",3.666667,29.667431
"546","IND","2","  0.0997274",0.3459758,0.9405624,802,0.89,0.5,"  0","  0",5.760417,21.63537
"547","IND","3","  2.5127439",0.3692294,0.9038061,765,0.89,0.5,"  0","  0",5.760417,25.262461
"548","IND","4","  1.1642129",0.2875184,0.7846346,882,0.89,0.25,"  0","  0",5.760417,28.309059
"549","IND","5","  2.9019239",0.2314055,0.677059,936,0.89,2.75,"  0","  0",5.760417,37.10878
"550","IND","6","  4.2667198",0.171018,0.5907155,1092,0.89,1,"  0","  0",5.760417,40.73555
"551","IND","7","  1.4592090",0.1506343,0.67939,1264,0.89,1.25,"  0","  0",5.760417,45.98037
"570","JAM","2","  4.5908251",0.5035225,NA,2645,0.05,0,"  0","  0",4.696875,30.579981
"571","JAM","3"," -4.3769650",0.3799198,0.1285729,2922,0.05,0.75,"  0","  0",4.696875,34.846779
"572","JAM","4"," -2.2398601",1.529616,0.0079704,2601,0.05,0.25,"  0","  0",4.696875,33.027699
"573","JAM","5"," -2.1574850",2.3378971,0.2041072,2389,0.05,0,"  0","  0",4.696875,35.833019
"574","JAM","6","  3.9625130",2.3136151,NA,2218,0.05,0,"  0","  0",4.696875,47.32423
"575","JAM","7","  3.0565720",1.852656,NA,2545,0.05,0,"  0","  0",4.696875,47.513248
"594","KEN","2","  5.9891500",1.9004,0.9020833,586,0.83,0,"  1","  0",5.5625,24.321131
"595","KEN","3","  0.3382780",1.623956,0.781967,847,0.83,0.25,"  1","  0",5.5625,30.37916
"596","KEN","4","  1.9728540",2.2183521,0.7471299,898,0.83,0,"  1","  0",5.5625,29.985189
"597","KEN","5"," -1.4472910",2.376631,0.693974,860,0.83,0,"  1","  0",5.5625,32.627171
"598","KEN","6","  2.6231270",2.927494,0.7903143,857,0.83,0,"  1","  0",5.5625,28.39455
"599","KEN","7"," -1.4731970",2.9801171,1.302858,911,0.83,0.25,"  1","  0",5.5625,29.293381
"634","KOR","2","  7.8028722",0.7310022,3.197093,1680,0,0,"  0","  1",6.360938,23.85638
"635","KOR","3","  8.0327559",0.2045349,3.071913,2236,0,0.25,"  0","  1",6.360938,34.114792
"636","KOR","4","  4.5225258",0.114563,3.0281651,3083,0,0.25,"  0","  1",6.360938,31.452749
"637","KOR","5","  6.6518879",0.072884,3.2737629,3395,0,0,"  0","  1",6.360938,32.52034
"638","KOR","6","  8.7896233",0.0306532,3.405859,4622,0,0,"  0","  1",6.360938,35.166309
"639","KOR","7","  6.1177540",0.0530342,3.3004129,6673,0,0,"  0","  1",6.360938,36.83289
"690","LKA","2","  1.1937820",0.6860721,0.7218894,1243,0.47,0,"  0","  0",4.325521,26.318701
"691","LKA","3","  2.9369340",0.9759074,0.8198988,1297,0.47,0,"  0","  0",4.325521,24.033701
"692","LKA","4","  3.9235699",1.340456,2.277447,1497,0.47,0,"  0","  0",4.325521,20.622801
"693","LKA","5","  3.7420270",1.344761,0.9863998,1792,0.47,0.5,"  0","  0",4.325521,30.206881
"694","LKA","6","  1.1898460",1.342893,0.4660164,2048,0.47,1,"  0","  0",4.325521,31.12565
"695","LKA","7","  4.1670661",1.321839,2.2180929,2096,0.47,1.25,"  0","  0",4.325521,30.5156
"730","MAR","2","  1.4727460",1.043366,1.027375,1342,0.53,0.25,"  0","  0",4.303125,31.536261
"731","MAR","3","  4.3808799",0.8701968,0.3348713,1433,0.53,0,"  0","  0",4.303125,33.310299
"732","MAR","4","  1.0215920",1.143406,0.4047443,1819,0.53,0,"  0","  0",4.303125,39.066319
"733","MAR","5","  2.3321049",1.009147,1.67723,1954,0.53,0,"  0","  0",4.303125,42.802589
"734","MAR","6","  2.1315539",0.5546178,3.026258,2104,0.53,0,"  0","  0",4.303125,44.097271
"735","MAR","7"," -0.8759910",1.024858,3.216192,2151,0.53,0,"  0","  0",4.303125,46.135601
"746","MDG","2"," -1.1891400",1.887127,1.071853,1146,0.06,0,"  1","  0",4.666667,20.673901
"747","MDG","3"," -2.1541910",1.774604,1.018873,1014,0.06,0,"  1","  0",4.666667,22.68475
"748","MDG","4"," -2.6535611",1.534978,NA,905,0.06,0,"  1","  0",4.666667,22.803169
"749","MDG","5"," -2.2792060",2.086652,NA,821,0.06,0,"  1","  0",4.666667,25.72056
"750","MDG","6"," -0.4948756",3.367147,0.8063396,730,0.06,0,"  1","  0",4.666667,17.67268
"751","MDG","7"," -3.1098101",3.7852759,0.8395147,675,0.06,0.25,"  1","  0",4.666667,16.448931
"762","MEX","2","  3.7077999",0.0231582,1.018433,3987,0.3,0.25,"  0","  0",5.414063,16.702169
"763","MEX","3","  1.8405010",0.0125563,0.7844409,4782,0.3,0,"  0","  0",5.414063,16.20595
"764","MEX","4","  5.7570438",0.0219669,0.7376471,5208,0.3,0.25,"  0","  0",5.414063,19.175591
"765","MEX","5"," -2.0507231",0.0302771,-0.0625901,5942,0.3,0.25,"  0","  0",5.414063,30.40843
"766","MEX","6"," -1.5747679",0.0017184,1.875501,5283,0.3,0.5,"  0","  0",5.414063,28.14155
"767","MEX","7","  0.7187295",0.0046769,3.1784539,5827,0.3,0.75,"  0","  0",5.414063,20.907749
"786","MLI","2","  0.1616946",4.6520391,NA,419,0.78,0,"  1","  0",3,20.89879
"787","MLI","3","  5.6834011",5.8279099,NA,432,0.78,0,"  1","  0",3,18.351299
"788","MLI","4"," -0.8450208",5.9985762,NA,511,0.78,0,"  1","  0",3,23.40938
"789","MLI","5"," -6.0195298",5.970542,NA,524,0.78,0,"  1","  0",3,21.177521
"790","MLI","6","  4.6439161",7.6493731,1.944574,550,0.78,0,"  1","  0",3,20.265949
"791","MLI","7"," -1.6140590",7.0538211,NA,531,0.78,0,"  1","  0",3,22.697729
"842","MWI","2","  3.0829580",2.879252,NA,440,0.62,0,"  1","  0",4.471354,15.58105
"843","MWI","3","  2.4786210",2.7039449,NA,487,0.62,0,"  1","  0",4.471354,18.85474
"844","MWI","4"," -1.0015430",4.368649,0.3277685,544,0.62,0,"  1","  0",4.471354,22.52606
"845","MWI","5"," -0.4771583",3.4780359,0.6187723,495,0.62,0.25,"  1","  0",4.471354,20.39172
"846","MWI","6"," -1.8180310",6.5561471,0.5391272,502,0.62,0,"  1","  0",4.471354,21.270201
"847","MWI","7"," -1.0903569",8.1854677,0.9532723,519,0.62,0,"  1","  0",4.471354,23.02899
"850","MYS","2","  5.4419169",0.2587464,2.9462521,2154,0.72,0,"  0","  1",6.9,30.572531
"851","MYS","3","  4.4446230",0.1753249,2.844219,2791,0.72,0.25,"  0","  1",6.9,37.688251
"852","MYS","4","  4.9904332",0.1517872,2.5286281,3239,0.72,0,"  0","  1",6.9,43.58297
"853","MYS","5","  2.0842841",0.2229393,2.579,4171,0.72,0,"  0","  1",6.9,50.168159
"854","MYS","6","  3.2532790",0.2267044,2.9397221,3869,0.72,0,"  0","  1",6.9,59.92445
"855","MYS","7","  5.8947368",0.1708999,3.063112,5124,0.72,0,"  0","  1",6.9,70.08712
"874","NER","2"," -8.1013336",3.8643229,NA,805,0.73,0,"  1","  0",5.833333,8.375386
"875","NER","3"," -0.0521623",5.8960538,0.9584715,702,0.73,0,"  1","  0",5.833333,10.11362
"876","NER","4","  2.9791250",4.866395,0.8724772,643,0.73,0,"  1","  0",5.833333,12.61603
"877","NER","5"," -7.8325691",5.493156,NA,714,0.73,0,"  1","  0",5.833333,14.95434
"878","NER","6"," -1.8676430",7.778758,NA,570,0.73,0,"  1","  0",5.833333,14.20819
"879","NER","7"," -2.7527280",7.4496069,NA,NA,0.73,0,"  1","  0",5.833333,19.273581
"882","NGA","2","  6.6333809",0.3738668,1.196144,767,0.87,0,"  1","  0",3.084896,16.27459
"883","NGA","3","  2.8186109",0.106749,1.172996,1192,0.87,0.25,"  1","  0",3.084896,14.99199
"884","NGA","4"," -4.0339570",0.0530147,1.664464,1513,0.87,0,"  1","  0",3.084896,20.834499
"885","NGA","5"," -2.3922319",0.0485014,0.5176515,1419,0.87,0,"  1","  0",3.084896,25.498581
"886","NGA","6","  0.3214651",0.0889788,0.3810838,973,0.87,0,"  1","  0",3.084896,32.74733
"887","NGA","7","  1.3122621",0.1545874,0.1669727,995,0.87,0,"  1","  0",3.084896,26.145451
"890","NIC","2"," -0.3850995",0.4276597,0.7687464,2359,0.18,0,"  0","  0",2.999479,15.5151
"891","NIC","3","  3.5534599",0.5230825,0.7758667,2629,0.18,0,"  0","  0",2.999479,18.717859
"892","NIC","4","-10.2612305",2.072741,0.4130862,2459,0.18,1.25,"  0","  0",2.999479,19.59498
"893","NIC","5"," -3.4884400",3.119837,-0.7040213,1839,0.18,0,"  0","  0",2.999479,27.320801
"922","PAK","2","  2.0835941",0.8170575,0.7095931,1029,0.64,0.5,"  0","  0",4.109375,38.421341
"923","PAK","3","  1.4997600",1.055366,0.4925169,934,0.64,0.5,"  0","  0",4.109375,47.181721
"924","PAK","4","  4.5468669",0.8497334,0.667682,1014,0.64,0.25,"  0","  0",4.109375,36.895889
"925","PAK","5","  3.4761939",0.7083635,0.7709815,1129,0.64,0.25,"  0","  0",4.109375,40.945938
"926","PAK","6","  3.1445560",0.6660512,0.6578589,1280,0.64,0,"  0","  0",4.109375,41.296421
"927","PAK","7","  1.9825310",0.4932093,0.6353698,1394,0.64,0.75,"  0","  0",4.109375,42.241749
"938","PER","2","  1.5005080",0.2536955,1.005555,2736,0.59,0,"  0","  0",3.234375,21.374531
"939","PER","3","  0.9286919",0.3551153,0.6025754,3138,0.59,0,"  0","  0",3.234375,24.963619
"940","PER","4","  1.3649631",0.3383372,0.3921387,2796,0.59,0.25,"  0","  0",3.234375,25.004709
"941","PER","5"," -4.2680001",0.4830249,-0.0572213,2977,0.59,0.75,"  0","  0",3.234375,20.788429
"942","PER","6"," -3.0535979",0.4023583,-1.4306509,2838,0.59,3.25,"  0","  0",3.234375,23.41573
"943","PER","7"," -0.7643446",0.6353229,0.3625337,2188,0.59,2.25,"  0","  0",3.234375,20.19389
"946","PHL","2","  2.7988219",0.3990127,1.018815,1403,0.74,1.5,"  0","  1",2.967708,23.94558
"947","PHL","3","  3.0909309",0.3022969,1.010471,1587,0.74,0.75,"  0","  1",2.967708,22.690639
"948","PHL","4","  2.3345039",0.2555976,0.9724869,1780,0.74,0.25,"  0","  1",2.967708,19.894501
"949","PHL","5"," -4.9350739",0.3846004,0.8170419,1915,0.74,2.25,"  0","  1",2.967708,23.766821
"950","PHL","6","  2.9242330",0.6141661,2.0569351,1535,0.74,3,"  0","  1",2.967708,28.80117
"951","PHL","7"," -0.9085332",0.6760107,3.132061,1763,0.74,0,"  0","  1",2.967708,28.72826
"994","PRY","2","  3.1396091",0.7461522,1.1593879,1394,0.14,0,"  0","  0",4.396875,15.61434
"995","PRY","3","  4.8559918",0.6332555,1.135205,1615,0.14,0,"  0","  0",4.396875,18.76235
"996","PRY","4","  7.5062189",0.5339858,1.053259,2057,0.14,0,"  0","  0",4.396875,20.28738
"997","PRY","5"," -3.1757741",0.6741998,1.017431,2414,0.14,0,"  0","  0",4.396875,23.131029
"998","PRY","6","  0.9001451",0.7420832,1.5513591,1998,0.14,0,"  0","  0",4.396875,21.702761
"999","PRY","7"," -0.1097943",0.7861565,3.2179461,2128,0.14,0.25,"  0","  0",4.396875,17.944019
"1042","SEN","2"," -0.3642866",3.3599451,1.13579,1146,0.72,0,"  1","  0",4.747396,13.39819
"1043","SEN","3","  1.6893280",3.2784719,0.9618749,1062,0.72,0,"  1","  0",4.747396,16.34655
"1044","SEN","4"," -3.1990380",3.8971331,1.134356,1110,0.72,0,"  1","  0",4.747396,23.89983
"1045","SEN","5","  1.1351970",3.9895461,0.6430827,1203,0.72,0,"  1","  0",4.747396,30.14307
"1046","SEN","6","  0.4526881",6.1975522,NA,1155,0.72,0,"  1","  0",4.747396,28.338579
"1047","SEN","7"," -1.7337350",5.472322,NA,1145,0.72,0,"  1","  0",4.747396,24.69278
"1066","SLE","2","  1.7739490",1.479864,1.0750951,1435,0.77,0.25,"  1","  0",5.416667,13.13875
"1067","SLE","3"," -0.9935253",0.7066458,0.5774533,1259,0.77,0,"  1","  0",5.416667,14.9893
"1068","SLE","4","  1.7089940",1.427289,0.3218707,1065,0.77,0,"  1","  0",5.416667,17.5597
"1069","SLE","5"," -3.3066990",2.0563409,-0.0540466,1074,0.77,0,"  1","  0",5.416667,21.30386
"1070","SLE","6"," -0.4612152",2.2669821,-0.1269212,881,0.77,0,"  1","  0",5.416667,27.335979
"1071","SLE","7"," -1.0371190",2.250262,0.1849616,901,0.77,0,"  1","  0",5.416667,20.281231
"1074","SLV","2","  1.3067690",0.36283,1.2151999,1810,0.17,0,"  0","  0",2.583333,22.6415
"1075","SLV","3","  1.9624510",0.2959988,1.103682,1985,0.17,1.25,"  0","  0",2.583333,26.06148
"1076","SLV","4"," -6.3899622",0.7715114,0.8461943,2330,0.17,5.5,"  0","  0",2.583333,29.37458
"1077","SLV","5"," -1.7541050",3.071244,0.8291903,1744,0.17,5,"  0","  0",2.583333,29.769291
"1078","SLV","6"," -0.4705314",3.8296549,1.477662,1813,0.17,1.25,"  0","  0",2.583333,34.081421
"1079","SLV","7","  3.4979551",2.860043,3.067255,1824,0.17,3.25,"  0","  0",2.583333,28.536791
"1082","SOM","2","  1.0999860",1.865378,1.251217,921,0.08,0,"  1","  0",3.733333,NA
"1083","SOM","3","  3.8879330",4.1901131,0.8817285,602,0.08,0,"  1","  0",3.733333,20.31658
"1084","SOM","4"," -2.6918240",4.690887,0.2928199,921,0.08,0,"  1","  0",3.733333,24.514151
"1085","SOM","5"," -1.9526690",5.4751878,NA,866,0.08,0,"  1","  0",3.733333,23.572109
"1086","SOM","6"," -0.0507204",6.2133098,NA,817,0.08,0,"  1","  0",3.733333,14.68966
"1087","SOM","7"," -3.5098290",1.327472,NA,NA,0.08,0.25,"  1","  0",3.733333,NA
"1130","SYR","2","  1.8064160",1.273542,0.8504394,2294,0.22,0,"  0","  0",3.078125,31.916691
"1131","SYR","3","  8.7839518",3.166425,0.6029479,3242,0.22,0,"  0","  0",3.078125,37.215069
"1132","SYR","4","  4.5891390",3.51421,0.7092291,4158,0.22,1.25,"  0","  0",3.078125,39.234089
"1133","SYR","5"," -2.0793991",1.834789,NA,4457,0.22,0,"  0","  0",3.078125,45.587391
"1134","SYR","6"," -3.8598001",0.8308058,0.6900497,3752,0.22,0,"  0","  0",3.078125,63.151779
"1135","SYR","7","  4.3428240",0.4928059,1.1787781,3897,0.22,0,"  0","  0",3.078125,60.267349
"1146","TGO","2","  0.2723668",4.64148,NA,618,0.71,0,"  1","  0",4.346354,13.52808
"1147","TGO","3","  0.2524474",4.2653079,-0.3371186,621,0.71,0,"  1","  0",4.346354,16.982309
"1148","TGO","4","  1.1278760",4.3321881,0.3139075,704,0.71,0,"  1","  0",4.346354,26.020361
"1149","TGO","5"," -2.2750871",6.4450302,1.092057,654,0.71,0,"  1","  0",4.346354,33.762348
"1150","TGO","6"," -0.0610903",6.3949609,1.026484,657,0.71,0,"  1","  0",4.346354,42.16695
"1151","TGO","7"," -7.6580992",6.7430539,NA,641,0.71,0.5,"  1","  0",4.346354,39.574039
"1154","THA","2","  4.4580989",0.2555906,3.0978601,1526,0.66,0,"  0","  1",6.258854,27.08473
"1155","THA","3","  4.0510001",0.1835169,3.1567791,1641,0.66,0.25,"  0","  1",6.258854,32.127041
"1156","THA","4","  4.1260672",0.2738223,3.0053649,2025,0.66,0,"  0","  1",6.258854,34.859879
"1157","THA","5","  3.4910290",0.2806438,3.067718,2195,0.66,0,"  0","  1",6.258854,37.54694
"1158","THA","6","  7.9657378",0.2718889,3.339731,2510,0.66,0,"  0","  1",6.258854,50.578709
"1159","THA","7","  7.0094948",0.1923186,3.610358,3580,0.66,0,"  0","  1",6.258854,61.943661
"1186","TTO","2","  1.9184120",0.0801403,1.105913,6795,0.56,0,"  0","  0",6.088542,24.51195
"1187","TTO","3","  4.5104170",0.0439714,1.723436,7918,0.56,0,"  0","  0",6.088542,32.688919
"1188","TTO","4","  5.5445561",0.0569762,1.32566,10249,0.56,0,"  0","  0",6.088542,28.42424
"1189","TTO","5"," -4.5245481",0.0713977,0.4591585,11368,0.56,0,"  0","  0",6.088542,32.768631
"1190","TTO","6"," -4.4785581",0.0788588,0.7881031,9637,0.56,0,"  0","  0",6.088542,43.121651
"1191","TTO","7"," -0.9493482",0.0446649,NA,7764,0.56,0,"  0","  0",6.088542,48.934662
"1194","TUN","2","  5.5763431",2.5386839,NA,1442,0.16,0,"  0","  0",4.591146,33.40126
"1195","TUN","3","  4.3073869",1.897194,NA,1880,0.16,0,"  0","  0",4.591146,34.092609
"1196","TUN","4","  3.7562251",1.1661201,NA,2295,0.16,0,"  0","  0",4.591146,38.518681
"1197","TUN","5","  1.4475991",0.842861,0.7557338,2597,0.16,0,"  0","  0",4.591146,41.87151
"1198","TUN","6"," -0.5978127",0.9772895,1.37569,2685,0.16,0,"  0","  0",4.591146,44.838261
"1199","TUN","7","  2.9426529",0.9005392,3.0755081,2910,0.16,0,"  0","  0",4.591146,50.11808
"1202","TUR","2","  3.1081080",0.3092611,0.9435011,2202,0.25,0.25,"  0","  0",5.263021,NA
"1203","TUR","3","  5.0728378",0.108017,0.832398,2658,0.25,0.25,"  0","  0",5.263021,NA
"1204","TUR","4"," -0.9150029",0.2930093,0.3408191,3052,0.25,3.5,"  0","  0",5.263021,NA
"1205","TUR","5","  2.2992539",0.1882299,0.3279485,2868,0.25,0.25,"  0","  0",5.263021,NA
"1206","TUR","6","  3.0245359",0.0915711,1.017994,3299,0.25,0,"  0","  0",5.263021,NA
"1207","TUR","7","  3.7849009",0.3280785,2.398715,3741,0.25,3.25,"  0","  0",5.263021,28.692089
"1218","TZA","2",NA,3.289309,NA,424,0.93,0.25,"  1","  0",4.639063,21.821621
"1219","TZA","3",NA,4.863246,NA,508,0.93,0,"  1","  0",4.639063,26.61768
"1220","TZA","4",NA,6.8122802,0.3089461,543,0.93,0,"  1","  0",4.639063,28.6168
"1221","TZA","5"," -0.1544912",5.6911778,0.2746189,466,0.93,0,"  1","  0",4.639063,37.748981
"1222","TZA","6","  0.6693090",6.0233488,0.5254895,540,0.93,0,"  1","  0",4.639063,38.216942
"1223","TZA","7","  0.2476215",5.6105318,0.5561132,NA,0.93,0,"  1","  0",4.639063,27.61726
"1242","URY","2"," -0.1759859",0.1402518,0.5179537,4121,0.2,1,"  0","  0",5.119271,21.600019
"1243","URY","3","  3.1187179",0.0735911,0.3616727,4142,0.2,0,"  0","  0",5.119271,21.677031
"1244","URY","4","  3.9929581",0.0878941,0.6539875,4542,0.2,0,"  0","  0",5.119271,23.41345
"1245","URY","5"," -5.7636070",0.0937653,0.3673187,4655,0.2,0,"  0","  0",5.119271,39.244499
"1246","URY","6","  3.7408481",0.1716129,0.4254149,4316,0.2,0,"  0","  0",5.119271,51.570671
"1247","URY","7","  2.5451660",0.188582,2.614502,4602,0.2,0,"  0","  0",5.119271,50.572731
"1266","VEN","2","  0.8535412",0.0279336,1.239352,7753,0.11,0,"  0","  0",5.559896,21.73992
"1267","VEN","3","  1.1861939",0.018561,1.150041,7415,0.11,0.25,"  0","  0",5.559896,24.94849
"1268","VEN","4"," -3.6270280",0.0168616,1.043915,8257,0.11,0,"  0","  0",5.559896,43.49221
"1269","VEN","5"," -3.6259160",0.0207685,1.205152,6857,0.11,0,"  0","  0",5.559896,36.516521
"1270","VEN","6"," -0.9885767",0.0109373,1.192269,6382,0.11,0,"  0","  0",5.559896,42.24044
"1271","VEN","7","  3.0722330",-0.0079729,2.9829891,6055,0.11,0.5,"  0","  0",5.559896,36.312599
"1338","ZAR","2","  1.7484890",2.0875559,0.9379885,686,0.9,0,"  1","  0",2.98125,24.26133
"1339","ZAR","3"," -4.6452751",2.145139,0.3094764,693,0.9,0.25,"  1","  0",2.98125,23.150669
"1340","ZAR","4"," -3.4145510",2.6296141,0.458565,518,0.9,0,"  1","  0",2.98125,28.362261
"1341","ZAR","5"," -1.5323670",1.98408,0.6799242,482,0.9,0,"  1","  0",2.98125,17.09428
"1342","ZAR","6"," -1.8745120",2.9045551,0.3731935,454,0.9,0,"  1","  0",2.98125,24.14332
"1343","ZAR","7","-10.2339802",1.687945,-3.2388749,NA,0.9,0.25,"  1","  0",2.98125,8.97333
"1346","ZMB","2","  0.2300089",2.6599841,0.447275,1117,0.82,0,"  1","  0",4.136458,19.21628
"1347","ZMB","3"," -1.8799630",2.4514561,0.3159183,1208,0.82,0,"  1","  0",4.136458,26.812229
"1348","ZMB","4"," -1.8312000",4.0089502,0.1719034,1007,0.82,0,"  1","  0",4.136458,30.64603
"1349","ZMB","5"," -4.6004009",4.1372552,0.1412512,940,0.82,0,"  1","  0",4.136458,29.344681
"1350","ZMB","6"," -1.5680860",6.15521,-0.3380052,786,0.82,0,"  1","  0",4.136458,33.86657
"1351","ZMB","7"," -2.5796940",9.4195356,-0.1603761,689,0.82,0,"  1","  0",4.136458,31.6731
"1354","ZWE","2","  6.7195158",0.0359697,NA,1082,0.54,NA,"  1","  0",4.4375,NA
"1355","ZWE","3"," -3.5808799",0.0879854,0.8161532,1364,0.54,NA,"  1","  0",4.4375,NA
"1356","ZWE","4","  2.9041770",1.0499049,0.4893152,1168,0.54,1,"  1","  0",4.4375,NA
"1357","ZWE","5"," -0.6336143",1.963412,0.4975752,1332,0.54,0.75,"  1","  0",4.4375,33.40377
"1358","ZWE","6","  0.5389957",2.084163,0.5161451,1178,0.54,0,"  1","  0",4.4375,29.761089
"1359","ZWE","7"," -2.0151441",2.9587979,0.4785629,1182,0.54,0,"  1","  0",4.4375,30.27968
